rental_item_id,contract_id,vendor_equipment_id,equipment_category,equipment_name,model,serial_number,quantity,daily_rate,weekly_rate,monthly_rate,delivery_fee,pickup_fee,currency_code,condition_at_delivery,condition_at_return,created_at,updated_at,correlation_id
RIT-000001,RC-2026-0001,VEQ-01-01,Lift,60-ft Boom Lift,JLG 600S,JLG600S-00001,1,485.00,1455.00,4850.00,125.00,125.00,USD,Good,Good,2024-08-05T12:00:00Z,2024-08-30T12:00:00Z,ER-2026-000001
RIT-000002,RC-2026-0002,VEQ-01-02,Generator,Towable Generator,CAT XQ35,CATXQ35-00002,1,210.00,630.00,2100.00,125.00,125.00,USD,Good,Good,2024-08-14T12:00:00Z,2024-09-15T12:00:00Z,ER-2026-000002
RIT-000003,RC-2026-0003,VEQ-01-03,Forklift,Rough Terrain Forklift,JCB 930,JCB930-00003,1,325.00,975.00,3250.00,125.00,125.00,USD,Good,Good,2024-08-23T12:00:00Z,2024-10-01T12:00:00Z,ER-2026-000003
RIT-000004,RC-2026-0004,VEQ-01-04,Excavator,Mini Excavator,CAT 305,CAT305-00004,1,395.00,1185.00,3950.00,125.00,125.00,USD,Good,Good,2024-09-01T12:00:00Z,2024-09-19T12:00:00Z,ER-2026-000004
RIT-000005,RC-2026-0005,VEQ-02-01,Lift,60-ft Boom Lift,JLG 600S,JLG600S-00005,1,485.00,1455.00,4850.00,125.00,125.00,USD,Good,Good,2024-09-10T12:00:00Z,2024-10-05T12:00:00Z,ER-2026-000005
RIT-000006,RC-2026-0006,VEQ-02-02,Generator,Towable Generator,CAT XQ35,CATXQ35-00006,1,210.00,630.00,2100.00,125.00,125.00,USD,Good,Good,2024-09-19T12:00:00Z,2024-10-21T12:00:00Z,ER-2026-000006
RIT-000007,RC-2026-0007,VEQ-02-03,Forklift,Rough Terrain Forklift,JCB 930,JCB930-00007,1,325.00,975.00,3250.00,125.00,125.00,USD,Good,Pending,2024-09-28T12:00:00Z,2024-11-27T12:00:00Z,ER-2026-000007
RIT-000008,RC-2026-0008,VEQ-02-04,Excavator,Mini Excavator,CAT 305,CAT305-00008,1,395.00,1185.00,3950.00,125.00,125.00,USD,Good,Good,2024-10-07T12:00:00Z,2024-10-25T12:00:00Z,ER-2026-000008
RIT-000009,RC-2026-0009,VEQ-03-01,Lift,60-ft Boom Lift,JLG 600S,JLG600S-00009,1,485.00,1455.00,4850.00,125.00,125.00,USD,Good,Good,2024-10-16T12:00:00Z,2024-11-10T12:00:00Z,ER-2026-000009
RIT-000010,RC-2026-0010,VEQ-03-02,Generator,Towable Generator,CAT XQ35,CATXQ35-00010,1,210.00,630.00,2100.00,125.00,125.00,USD,Good,Good,2024-10-25T12:00:00Z,2024-11-26T12:00:00Z,ER-2026-000010
RIT-000011,RC-2026-0011,VEQ-03-03,Forklift,Rough Terrain Forklift,JCB 930,JCB930-00011,1,325.00,975.00,3250.00,125.00,125.00,USD,Good,Good,2024-11-03T12:00:00Z,2024-12-12T12:00:00Z,ER-2026-000011
RIT-000012,RC-2026-0012,VEQ-03-04,Excavator,Mini Excavator,CAT 305,CAT305-00012,1,395.00,1185.00,3950.00,125.00,125.00,USD,Good,Good,2024-11-12T12:00:00Z,2024-11-30T12:00:00Z,ER-2026-000012
RIT-000013,RC-2026-0013,VEQ-04-01,Lift,60-ft Boom Lift,JLG 600S,JLG600S-00013,1,485.00,1455.00,4850.00,125.00,125.00,USD,Good,Good,2024-11-21T12:00:00Z,2024-12-16T12:00:00Z,ER-2026-000013
RIT-000014,RC-2026-0014,VEQ-04-02,Generator,Towable Generator,CAT XQ35,CATXQ35-00014,1,210.00,630.00,2100.00,125.00,125.00,USD,Good,Pending,2024-11-30T12:00:00Z,2025-01-22T12:00:00Z,ER-2026-000014
RIT-000015,RC-2026-0015,VEQ-04-03,Forklift,Rough Terrain Forklift,JCB 930,JCB930-00015,1,325.00,975.00,3250.00,125.00,125.00,USD,Good,Good,2024-12-09T12:00:00Z,2025-01-17T12:00:00Z,ER-2026-000015
RIT-000016,RC-2026-0016,VEQ-04-04,Excavator,Mini Excavator,CAT 305,CAT305-00016,1,395.00,1185.00,3950.00,125.00,125.00,USD,Good,Good,2024-12-18T12:00:00Z,2025-01-05T12:00:00Z,ER-2026-000016
RIT-000017,RC-2026-0017,VEQ-05-01,Lift,60-ft Boom Lift,JLG 600S,JLG600S-00017,1,485.00,1455.00,4850.00,125.00,125.00,USD,Good,Good,2024-12-27T12:00:00Z,2025-01-21T12:00:00Z,ER-2026-000017
RIT-000018,RC-2026-0018,VEQ-05-02,Generator,Towable Generator,CAT XQ35,CATXQ35-00018,1,210.00,630.00,2100.00,125.00,125.00,USD,Good,Good,2025-01-05T12:00:00Z,2025-02-06T12:00:00Z,ER-2026-000018
RIT-000019,RC-2026-0019,VEQ-05-03,Forklift,Rough Terrain Forklift,JCB 930,JCB930-00019,1,325.00,975.00,3250.00,125.00,125.00,USD,Good,Good,2025-01-14T12:00:00Z,2025-02-22T12:00:00Z,ER-2026-000019
RIT-000020,RC-2026-0020,VEQ-05-04,Excavator,Mini Excavator,CAT 305,CAT305-00020,1,395.00,1185.00,3950.00,125.00,125.00,USD,Good,Good,2025-01-23T12:00:00Z,2025-02-10T12:00:00Z,ER-2026-000020
RIT-000021,RC-2026-0021,VEQ-06-01,Lift,60-ft Boom Lift,JLG 600S,JLG600S-00021,1,485.00,1455.00,4850.00,125.00,125.00,USD,Good,Pending,2025-02-01T12:00:00Z,2025-03-19T12:00:00Z,ER-2026-000021
RIT-000022,RC-2026-0022,VEQ-06-02,Generator,Towable Generator,CAT XQ35,CATXQ35-00022,1,210.00,630.00,2100.00,125.00,125.00,USD,Good,Good,2025-02-10T12:00:00Z,2025-03-14T12:00:00Z,ER-2026-000022
RIT-000023,RC-2026-0023,VEQ-06-03,Forklift,Rough Terrain Forklift,JCB 930,JCB930-00023,1,325.00,975.00,3250.00,125.00,125.00,USD,Good,Good,2025-02-19T12:00:00Z,2025-03-30T12:00:00Z,ER-2026-000023
RIT-000024,RC-2026-0024,VEQ-06-04,Excavator,Mini Excavator,CAT 305,CAT305-00024,1,395.00,1185.00,3950.00,125.00,125.00,USD,Good,Good,2025-02-28T12:00:00Z,2025-03-18T12:00:00Z,ER-2026-000024
RIT-000025,RC-2026-0025,VEQ-01-01,Lift,60-ft Boom Lift,JLG 600S,JLG600S-00025,1,485.00,1455.00,4850.00,125.00,125.00,USD,Good,Good,2025-03-09T12:00:00Z,2025-04-03T12:00:00Z,ER-2026-000025
RIT-000026,RC-2026-0026,VEQ-01-02,Generator,Towable Generator,CAT XQ35,CATXQ35-00026,1,210.00,630.00,2100.00,125.00,125.00,USD,Good,Good,2025-03-18T12:00:00Z,2025-04-19T12:00:00Z,ER-2026-000026
RIT-000027,RC-2026-0027,VEQ-01-03,Forklift,Rough Terrain Forklift,JCB 930,JCB930-00027,1,325.00,975.00,3250.00,125.00,125.00,USD,Good,Good,2025-03-27T12:00:00Z,2025-05-05T12:00:00Z,ER-2026-000027
RIT-000028,RC-2026-0028,VEQ-01-04,Excavator,Mini Excavator,CAT 305,CAT305-00028,1,395.00,1185.00,3950.00,125.00,125.00,USD,Good,Pending,2025-04-05T12:00:00Z,2025-05-14T12:00:00Z,ER-2026-000028
RIT-000029,RC-2026-0029,VEQ-02-01,Lift,60-ft Boom Lift,JLG 600S,JLG600S-00029,1,485.00,1455.00,4850.00,125.00,125.00,USD,Good,Good,2025-04-14T12:00:00Z,2025-05-09T12:00:00Z,ER-2026-000029
RIT-000030,RC-2026-0030,VEQ-02-02,Generator,Towable Generator,CAT XQ35,CATXQ35-00030,1,210.00,630.00,2100.00,125.00,125.00,USD,Good,Good,2025-04-23T12:00:00Z,2025-05-25T12:00:00Z,ER-2026-000030
RIT-000031,RC-2026-0031,VEQ-02-03,Forklift,Rough Terrain Forklift,JCB 930,JCB930-00031,1,325.00,975.00,3250.00,125.00,125.00,USD,Good,Good,2025-05-02T12:00:00Z,2025-06-10T12:00:00Z,ER-2026-000031
RIT-000032,RC-2026-0032,VEQ-02-04,Excavator,Mini Excavator,CAT 305,CAT305-00032,1,395.00,1185.00,3950.00,125.00,125.00,USD,Good,Good,2025-05-11T12:00:00Z,2025-05-29T12:00:00Z,ER-2026-000032
RIT-000033,RC-2026-0033,VEQ-03-01,Lift,60-ft Boom Lift,JLG 600S,JLG600S-00033,1,485.00,1455.00,4850.00,125.00,125.00,USD,Good,Good,2025-05-20T12:00:00Z,2025-06-14T12:00:00Z,ER-2026-000033
RIT-000034,RC-2026-0034,VEQ-03-02,Generator,Towable Generator,CAT XQ35,CATXQ35-00034,1,210.00,630.00,2100.00,125.00,125.00,USD,Good,Good,2025-05-29T12:00:00Z,2025-06-30T12:00:00Z,ER-2026-000034
RIT-000035,RC-2026-0035,VEQ-03-03,Forklift,Rough Terrain Forklift,JCB 930,JCB930-00035,1,325.00,975.00,3250.00,125.00,125.00,USD,Good,Pending,2025-06-07T12:00:00Z,2025-08-06T12:00:00Z,ER-2026-000035
RIT-000036,RC-2026-0036,VEQ-03-04,Excavator,Mini Excavator,CAT 305,CAT305-00036,1,395.00,1185.00,3950.00,125.00,125.00,USD,Good,Good,2025-06-16T12:00:00Z,2025-07-04T12:00:00Z,ER-2026-000036
RIT-000037,RC-2026-0037,VEQ-04-01,Lift,60-ft Boom Lift,JLG 600S,JLG600S-00037,1,485.00,1455.00,4850.00,125.00,125.00,USD,Good,Good,2025-06-25T12:00:00Z,2025-07-20T12:00:00Z,ER-2026-000037
RIT-000038,RC-2026-0038,VEQ-04-02,Generator,Towable Generator,CAT XQ35,CATXQ35-00038,1,210.00,630.00,2100.00,125.00,125.00,USD,Good,Good,2025-07-04T12:00:00Z,2025-08-05T12:00:00Z,ER-2026-000038
RIT-000039,RC-2026-0039,VEQ-04-03,Forklift,Rough Terrain Forklift,JCB 930,JCB930-00039,1,325.00,975.00,3250.00,125.00,125.00,USD,Good,Good,2025-07-13T12:00:00Z,2025-08-21T12:00:00Z,ER-2026-000039
RIT-000040,RC-2026-0040,VEQ-04-04,Excavator,Mini Excavator,CAT 305,CAT305-00040,1,395.00,1185.00,3950.00,125.00,125.00,USD,Good,Good,2025-07-22T12:00:00Z,2025-08-09T12:00:00Z,ER-2026-000040
RIT-000041,RC-2026-0041,VEQ-05-01,Lift,60-ft Boom Lift,JLG 600S,JLG600S-00041,1,485.00,1455.00,4850.00,125.00,125.00,USD,Good,Good,2025-07-31T12:00:00Z,2025-08-25T12:00:00Z,ER-2026-000041
RIT-000042,RC-2026-0042,VEQ-05-02,Generator,Towable Generator,CAT XQ35,CATXQ35-00042,1,210.00,630.00,2100.00,125.00,125.00,USD,Good,Pending,2025-08-09T12:00:00Z,2025-10-01T12:00:00Z,ER-2026-000042
RIT-000043,RC-2026-0043,VEQ-05-03,Forklift,Rough Terrain Forklift,JCB 930,JCB930-00043,1,325.00,975.00,3250.00,125.00,125.00,USD,Good,Good,2025-08-18T12:00:00Z,2025-09-26T12:00:00Z,ER-2026-000043
RIT-000044,RC-2026-0044,VEQ-05-04,Excavator,Mini Excavator,CAT 305,CAT305-00044,1,395.00,1185.00,3950.00,125.00,125.00,USD,Good,Good,2025-08-27T12:00:00Z,2025-09-14T12:00:00Z,ER-2026-000044
RIT-000045,RC-2026-0045,VEQ-06-01,Lift,60-ft Boom Lift,JLG 600S,JLG600S-00045,1,485.00,1455.00,4850.00,125.00,125.00,USD,Good,Good,2025-09-05T12:00:00Z,2025-09-30T12:00:00Z,ER-2026-000045
RIT-000046,RC-2026-0046,VEQ-06-02,Generator,Towable Generator,CAT XQ35,CATXQ35-00046,1,210.00,630.00,2100.00,125.00,125.00,USD,Good,Good,2025-09-14T12:00:00Z,2025-10-16T12:00:00Z,ER-2026-000046
RIT-000047,RC-2026-0047,VEQ-06-03,Forklift,Rough Terrain Forklift,JCB 930,JCB930-00047,1,325.00,975.00,3250.00,125.00,125.00,USD,Good,Good,2025-09-23T12:00:00Z,2025-11-01T12:00:00Z,ER-2026-000047
RIT-000048,RC-2026-0048,VEQ-06-04,Excavator,Mini Excavator,CAT 305,CAT305-00048,1,395.00,1185.00,3950.00,125.00,125.00,USD,Good,Good,2025-10-02T12:00:00Z,2025-10-20T12:00:00Z,ER-2026-000048
RIT-000049,RC-2026-0049,VEQ-01-01,Lift,60-ft Boom Lift,JLG 600S,JLG600S-00049,1,485.00,1455.00,4850.00,125.00,125.00,USD,Good,Pending,2025-10-11T12:00:00Z,2025-11-26T12:00:00Z,ER-2026-000049
RIT-000050,RC-2026-0050,VEQ-01-02,Generator,Towable Generator,CAT XQ35,CATXQ35-00050,1,210.00,630.00,2100.00,125.00,125.00,USD,Good,Good,2025-10-20T12:00:00Z,2025-11-21T12:00:00Z,ER-2026-000050
RIT-000051,RC-2026-0051,VEQ-01-03,Forklift,Rough Terrain Forklift,JCB 930,JCB930-00051,1,325.00,975.00,3250.00,125.00,125.00,USD,Good,Good,2025-10-29T12:00:00Z,2025-12-07T12:00:00Z,ER-2026-000051
RIT-000052,RC-2026-0052,VEQ-01-04,Excavator,Mini Excavator,CAT 305,CAT305-00052,1,395.00,1185.00,3950.00,125.00,125.00,USD,Good,Good,2025-11-07T12:00:00Z,2025-11-25T12:00:00Z,ER-2026-000052
RIT-000053,RC-2026-0053,VEQ-02-01,Lift,60-ft Boom Lift,JLG 600S,JLG600S-00053,1,485.00,1455.00,4850.00,125.00,125.00,USD,Good,Good,2025-11-16T12:00:00Z,2025-12-11T12:00:00Z,ER-2026-000053
RIT-000054,RC-2026-0054,VEQ-02-02,Generator,Towable Generator,CAT XQ35,CATXQ35-00054,1,210.00,630.00,2100.00,125.00,125.00,USD,Good,Good,2025-11-25T12:00:00Z,2025-12-27T12:00:00Z,ER-2026-000054
RIT-000055,RC-2026-0055,VEQ-02-03,Forklift,Rough Terrain Forklift,JCB 930,JCB930-00055,1,325.00,975.00,3250.00,125.00,125.00,USD,Good,Good,2025-12-04T12:00:00Z,2026-01-12T12:00:00Z,ER-2026-000055
RIT-000056,RC-2026-0056,VEQ-02-04,Excavator,Mini Excavator,CAT 305,CAT305-00056,1,395.00,1185.00,3950.00,125.00,125.00,USD,Good,Pending,2025-12-13T12:00:00Z,2026-01-21T12:00:00Z,ER-2026-000056
RIT-000057,RC-2026-0057,VEQ-03-01,Lift,60-ft Boom Lift,JLG 600S,JLG600S-00057,1,485.00,1455.00,4850.00,125.00,125.00,USD,Good,Good,2025-12-22T12:00:00Z,2026-01-16T12:00:00Z,ER-2026-000057
RIT-000058,RC-2026-0058,VEQ-03-02,Generator,Towable Generator,CAT XQ35,CATXQ35-00058,1,210.00,630.00,2100.00,125.00,125.00,USD,Good,Good,2025-12-31T12:00:00Z,2026-02-01T12:00:00Z,ER-2026-000058
RIT-000059,RC-2026-0059,VEQ-03-03,Forklift,Rough Terrain Forklift,JCB 930,JCB930-00059,1,325.00,975.00,3250.00,125.00,125.00,USD,Good,Good,2026-01-09T12:00:00Z,2026-02-17T12:00:00Z,ER-2026-000059
RIT-000060,RC-2026-0060,VEQ-03-04,Excavator,Mini Excavator,CAT 305,CAT305-00060,1,395.00,1185.00,3950.00,125.00,125.00,USD,Good,Good,2026-01-18T12:00:00Z,2026-02-05T12:00:00Z,ER-2026-000060
RIT-000061,RC-2026-0061,VEQ-04-01,Lift,60-ft Boom Lift,JLG 600S,JLG600S-00061,1,485.00,1455.00,4850.00,125.00,125.00,USD,Good,Good,2026-01-27T12:00:00Z,2026-02-21T12:00:00Z,ER-2026-000061
RIT-000062,RC-2026-0062,VEQ-04-02,Generator,Towable Generator,CAT XQ35,CATXQ35-00062,1,210.00,630.00,2100.00,125.00,125.00,USD,Good,Good,2026-02-05T12:00:00Z,2026-03-09T12:00:00Z,ER-2026-000062
RIT-000063,RC-2026-0063,VEQ-04-03,Forklift,Rough Terrain Forklift,JCB 930,JCB930-00063,1,325.00,975.00,3250.00,125.00,125.00,USD,Good,Pending,2026-02-14T12:00:00Z,2026-04-15T12:00:00Z,ER-2026-000063
RIT-000064,RC-2026-0064,VEQ-04-04,Excavator,Mini Excavator,CAT 305,CAT305-00064,1,395.00,1185.00,3950.00,125.00,125.00,USD,Good,Good,2026-02-23T12:00:00Z,2026-03-13T12:00:00Z,ER-2026-000064
RIT-000065,RC-2026-0065,VEQ-05-01,Lift,60-ft Boom Lift,JLG 600S,JLG600S-00065,1,485.00,1455.00,4850.00,125.00,125.00,USD,Good,Good,2026-03-04T12:00:00Z,2026-03-29T12:00:00Z,ER-2026-000065
RIT-000066,RC-2026-0066,VEQ-05-02,Generator,Towable Generator,CAT XQ35,CATXQ35-00066,1,210.00,630.00,2100.00,125.00,125.00,USD,Good,Good,2026-03-13T12:00:00Z,2026-04-14T12:00:00Z,ER-2026-000066
RIT-000067,RC-2026-0067,VEQ-05-03,Forklift,Rough Terrain Forklift,JCB 930,JCB930-00067,1,325.00,975.00,3250.00,125.00,125.00,USD,Good,Good,2026-03-22T12:00:00Z,2026-04-30T12:00:00Z,ER-2026-000067
RIT-000068,RC-2026-0068,VEQ-05-04,Excavator,Mini Excavator,CAT 305,CAT305-00068,1,395.00,1185.00,3950.00,125.00,125.00,USD,Good,Good,2026-03-31T12:00:00Z,2026-04-18T12:00:00Z,ER-2026-000068
RIT-000069,RC-2026-0069,VEQ-06-01,Lift,60-ft Boom Lift,JLG 600S,JLG600S-00069,1,485.00,1455.00,4850.00,125.00,125.00,USD,Good,Good,2026-04-09T12:00:00Z,2026-05-04T12:00:00Z,ER-2026-000069
RIT-000070,RC-2026-0070,VEQ-06-02,Generator,Towable Generator,CAT XQ35,CATXQ35-00070,1,210.00,630.00,2100.00,125.00,125.00,USD,Good,Pending,2026-04-18T12:00:00Z,2026-06-10T12:00:00Z,ER-2026-000070
RIT-000071,RC-2026-0071,VEQ-06-03,Forklift,Rough Terrain Forklift,JCB 930,JCB930-00071,1,325.00,975.00,3250.00,125.00,125.00,USD,Good,Good,2026-04-27T12:00:00Z,2026-06-05T12:00:00Z,ER-2026-000071
RIT-000072,RC-2026-0072,VEQ-06-04,Excavator,Mini Excavator,CAT 305,CAT305-00072,1,395.00,1185.00,3950.00,125.00,125.00,USD,Good,Good,2026-05-06T12:00:00Z,2026-05-24T12:00:00Z,ER-2026-000072
RIT-000073,RC-2026-0073,VEQ-01-01,Lift,60-ft Boom Lift,JLG 600S,JLG600S-00073,1,485.00,1455.00,4850.00,125.00,125.00,USD,Good,Good,2026-05-15T12:00:00Z,2026-06-09T12:00:00Z,ER-2026-000073
RIT-000074,RC-2026-0074,VEQ-01-02,Generator,Towable Generator,CAT XQ35,CATXQ35-00074,1,210.00,630.00,2100.00,125.00,125.00,USD,Good,Good,2026-05-24T12:00:00Z,2026-06-25T12:00:00Z,ER-2026-000074
RIT-000075,RC-2026-0075,VEQ-01-03,Forklift,Rough Terrain Forklift,JCB 930,JCB930-00075,1,325.00,975.00,3250.00,125.00,125.00,USD,Good,Good,2026-06-02T12:00:00Z,2026-07-11T12:00:00Z,ER-2026-000075
RIT-000076,RC-2026-0076,VEQ-01-04,Excavator,Mini Excavator,CAT 305,CAT305-00076,1,395.00,1185.00,3950.00,125.00,125.00,USD,Good,Good,2026-06-11T12:00:00Z,2026-06-29T12:00:00Z,ER-2026-000076
RIT-000077,RC-2026-0077,VEQ-02-01,Lift,60-ft Boom Lift,JLG 600S,JLG600S-00077,1,485.00,1455.00,4850.00,125.00,125.00,USD,Good,Pending,2026-06-20T12:00:00Z,2026-08-05T12:00:00Z,ER-2026-000077
RIT-000078,RC-2026-0078,VEQ-02-02,Generator,Towable Generator,CAT XQ35,CATXQ35-00078,1,210.00,630.00,2100.00,125.00,125.00,USD,Good,Good,2026-06-29T12:00:00Z,2026-07-31T12:00:00Z,ER-2026-000078
RIT-000079,RC-2026-0079,VEQ-02-03,Forklift,Rough Terrain Forklift,JCB 930,JCB930-00079,1,325.00,975.00,3250.00,125.00,125.00,USD,Good,Pending,2026-07-08T12:00:00Z,2026-08-09T12:00:00Z,ER-2026-000079
RIT-000080,RC-2026-0080,VEQ-02-04,Excavator,Mini Excavator,CAT 305,CAT305-00080,1,395.00,1185.00,3950.00,125.00,125.00,USD,Good,Good,2026-07-17T12:00:00Z,2026-08-04T12:00:00Z,ER-2026-000080
RIT-000081,RC-2026-0081,VEQ-03-01,Lift,60-ft Boom Lift,JLG 600S,JLG600S-00081,1,485.00,1455.00,4850.00,125.00,125.00,USD,Good,Pending,2026-07-26T12:00:00Z,2026-08-09T12:00:00Z,ER-2026-000081
RIT-000082,RC-2026-0082,VEQ-03-02,Generator,Towable Generator,CAT XQ35,CATXQ35-00082,1,210.00,630.00,2100.00,125.00,125.00,USD,Good,Pending,2026-08-04T12:00:00Z,2026-08-09T12:00:00Z,ER-2026-000082
RIT-000083,RC-2026-0083,VEQ-03-03,Forklift,Rough Terrain Forklift,JCB 930,JCB930-00083,1,325.00,975.00,3250.00,125.00,125.00,USD,Good,Pending,2026-08-26T12:00:00Z,2026-08-26T12:00:00Z,ER-2026-000083
RIT-000084,RC-2026-0084,VEQ-03-04,Excavator,Mini Excavator,CAT 305,CAT305-00084,1,395.00,1185.00,3950.00,125.00,125.00,USD,Good,Pending,2026-09-20T12:00:00Z,2026-09-20T12:00:00Z,ER-2026-000084
RIT-000085,RC-2026-0085,VEQ-04-01,Lift,60-ft Boom Lift,JLG 600S,JLG600S-00085,1,485.00,1455.00,4850.00,125.00,125.00,USD,Good,Pending,2026-10-15T12:00:00Z,2026-10-15T12:00:00Z,ER-2026-000085
RIT-000086,RC-2026-0086,VEQ-04-02,Generator,Towable Generator,CAT XQ35,CATXQ35-00086,1,210.00,630.00,2100.00,125.00,125.00,USD,Good,Pending,2026-11-09T12:00:00Z,2026-11-09T12:00:00Z,ER-2026-000086
RIT-000087,RC-2026-0087,VEQ-04-03,Forklift,Rough Terrain Forklift,JCB 930,JCB930-00087,1,325.00,975.00,3250.00,125.00,125.00,USD,Good,Pending,2026-12-04T12:00:00Z,2026-12-04T12:00:00Z,ER-2026-000087
RIT-000088,RC-2026-0088,VEQ-04-04,Excavator,Mini Excavator,CAT 305,CAT305-00088,1,395.00,1185.00,3950.00,125.00,125.00,USD,Good,Pending,2026-12-29T12:00:00Z,2026-12-29T12:00:00Z,ER-2026-000088
RIT-000089,RC-2026-0089,VEQ-05-01,Lift,60-ft Boom Lift,JLG 600S,JLG600S-00089,1,485.00,1455.00,4850.00,125.00,125.00,USD,Good,Pending,2027-01-23T12:00:00Z,2027-01-23T12:00:00Z,ER-2026-000089
RIT-000090,RC-2026-0090,VEQ-05-02,Generator,Towable Generator,CAT XQ35,CATXQ35-00090,1,210.00,630.00,2100.00,125.00,125.00,USD,Good,Pending,2027-02-17T12:00:00Z,2027-02-17T12:00:00Z,ER-2026-000090
RIT-000091,RC-2026-0091,VEQ-05-03,Forklift,Rough Terrain Forklift,JCB 930,JCB930-00091,1,325.00,975.00,3250.00,125.00,125.00,USD,Good,Pending,2027-03-14T12:00:00Z,2027-03-14T12:00:00Z,ER-2026-000091
RIT-000092,RC-2026-0092,VEQ-05-04,Excavator,Mini Excavator,CAT 305,CAT305-00092,1,395.00,1185.00,3950.00,125.00,125.00,USD,Good,Pending,2027-04-08T12:00:00Z,2027-04-08T12:00:00Z,ER-2026-000092
RIT-000093,RC-2026-0093,VEQ-06-01,Lift,60-ft Boom Lift,JLG 600S,JLG600S-00093,1,485.00,1455.00,4850.00,125.00,125.00,USD,Good,Pending,2027-05-03T12:00:00Z,2027-05-03T12:00:00Z,ER-2026-000093
RIT-000094,RC-2026-0094,VEQ-06-02,Generator,Towable Generator,CAT XQ35,CATXQ35-00094,1,210.00,630.00,2100.00,125.00,125.00,USD,Good,Pending,2027-05-28T12:00:00Z,2027-05-28T12:00:00Z,ER-2026-000094
RIT-000095,RC-2026-0095,VEQ-06-03,Forklift,Rough Terrain Forklift,JCB 930,JCB930-00095,1,325.00,975.00,3250.00,125.00,125.00,USD,Good,Pending,2027-06-22T12:00:00Z,2027-06-22T12:00:00Z,ER-2026-000095
RIT-000096,RC-2026-0096,VEQ-06-04,Excavator,Mini Excavator,CAT 305,CAT305-00096,1,395.00,1185.00,3950.00,125.00,125.00,USD,Good,Pending,2027-07-17T12:00:00Z,2027-07-17T12:00:00Z,ER-2026-000096
RIT-000097,RC-2026-0097,VEQ-01-01,Lift,60-ft Boom Lift,JLG 600S,JLG600S-00097,1,485.00,1455.00,4850.00,125.00,125.00,USD,Good,Pending,2027-08-11T12:00:00Z,2027-08-11T12:00:00Z,ER-2026-000097
RIT-000098,RC-2026-0098,VEQ-01-02,Generator,Towable Generator,CAT XQ35,CATXQ35-00098,1,210.00,630.00,2100.00,125.00,125.00,USD,Good,Pending,2027-09-05T12:00:00Z,2027-09-05T12:00:00Z,ER-2026-000098
RIT-000099,RC-2026-0099,VEQ-01-03,Forklift,Rough Terrain Forklift,JCB 930,JCB930-00099,1,325.00,975.00,3250.00,125.00,125.00,USD,Good,Pending,2027-09-30T12:00:00Z,2027-09-30T12:00:00Z,ER-2026-000099
RIT-000100,RC-2026-0100,VEQ-01-04,Excavator,Mini Excavator,CAT 305,CAT305-00100,1,395.00,1185.00,3950.00,125.00,125.00,USD,Good,Pending,2027-10-25T12:00:00Z,2027-10-25T12:00:00Z,ER-2026-000100
RIT-000101,RC-2026-0101,VEQ-02-01,Lift,60-ft Boom Lift,JLG 600S,JLG600S-00101,1,485.00,1455.00,4850.00,125.00,125.00,USD,Good,Pending,2027-11-19T12:00:00Z,2027-11-19T12:00:00Z,ER-2026-000101
RIT-000102,RC-2026-0102,VEQ-02-02,Generator,Towable Generator,CAT XQ35,CATXQ35-00102,1,210.00,630.00,2100.00,125.00,125.00,USD,Good,Pending,2027-12-14T12:00:00Z,2027-12-14T12:00:00Z,ER-2026-000102
RIT-000103,RC-2026-0103,VEQ-02-03,Forklift,Rough Terrain Forklift,JCB 930,JCB930-00103,1,325.00,975.00,3250.00,125.00,125.00,USD,Good,Pending,2028-01-08T12:00:00Z,2028-01-08T12:00:00Z,ER-2026-000103
RIT-000104,RC-2026-0104,VEQ-02-04,Excavator,Mini Excavator,CAT 305,CAT305-00104,1,395.00,1185.00,3950.00,125.00,125.00,USD,Good,Pending,2028-02-02T12:00:00Z,2028-02-02T12:00:00Z,ER-2026-000104
RIT-000105,RC-2026-0105,VEQ-03-01,Lift,60-ft Boom Lift,JLG 600S,JLG600S-00105,1,485.00,1455.00,4850.00,125.00,125.00,USD,Good,Pending,2028-02-27T12:00:00Z,2028-02-27T12:00:00Z,ER-2026-000105
RIT-000106,RC-2026-0106,VEQ-03-02,Generator,Towable Generator,CAT XQ35,CATXQ35-00106,1,210.00,630.00,2100.00,125.00,125.00,USD,Good,Pending,2028-03-23T12:00:00Z,2028-03-23T12:00:00Z,ER-2026-000106
RIT-000107,RC-2026-0107,VEQ-03-03,Forklift,Rough Terrain Forklift,JCB 930,JCB930-00107,1,325.00,975.00,3250.00,125.00,125.00,USD,Good,Pending,2028-04-17T12:00:00Z,2028-04-17T12:00:00Z,ER-2026-000107
RIT-000108,RC-2026-0108,VEQ-03-04,Excavator,Mini Excavator,CAT 305,CAT305-00108,1,395.00,1185.00,3950.00,125.00,125.00,USD,Good,Pending,2028-05-12T12:00:00Z,2028-05-12T12:00:00Z,ER-2026-000108
RIT-000109,RC-2026-0109,VEQ-04-01,Lift,60-ft Boom Lift,JLG 600S,JLG600S-00109,1,485.00,1455.00,4850.00,125.00,125.00,USD,Good,Pending,2028-06-06T12:00:00Z,2028-06-06T12:00:00Z,ER-2026-000109
RIT-000110,RC-2026-0110,VEQ-04-02,Generator,Towable Generator,CAT XQ35,CATXQ35-00110,1,210.00,630.00,2100.00,125.00,125.00,USD,Good,Pending,2028-07-01T12:00:00Z,2028-07-01T12:00:00Z,ER-2026-000110
RIT-000111,RC-2026-0111,VEQ-04-03,Forklift,Rough Terrain Forklift,JCB 930,JCB930-00111,1,325.00,975.00,3250.00,125.00,125.00,USD,Good,Pending,2028-07-26T12:00:00Z,2028-07-26T12:00:00Z,ER-2026-000111
RIT-000112,RC-2026-0112,VEQ-04-04,Excavator,Mini Excavator,CAT 305,CAT305-00112,1,395.00,1185.00,3950.00,125.00,125.00,USD,Good,Pending,2028-08-20T12:00:00Z,2028-08-20T12:00:00Z,ER-2026-000112
RIT-000113,RC-2026-0113,VEQ-05-01,Lift,60-ft Boom Lift,JLG 600S,JLG600S-00113,1,485.00,1455.00,4850.00,125.00,125.00,USD,Good,Pending,2028-09-14T12:00:00Z,2028-09-14T12:00:00Z,ER-2026-000113
RIT-000114,RC-2026-0114,VEQ-05-02,Generator,Towable Generator,CAT XQ35,CATXQ35-00114,1,210.00,630.00,2100.00,125.00,125.00,USD,Good,Pending,2028-10-09T12:00:00Z,2028-10-09T12:00:00Z,ER-2026-000114
RIT-000115,RC-2026-0115,VEQ-05-03,Forklift,Rough Terrain Forklift,JCB 930,JCB930-00115,1,325.00,975.00,3250.00,125.00,125.00,USD,Good,Pending,2028-11-03T12:00:00Z,2028-11-03T12:00:00Z,ER-2026-000115
RIT-000116,RC-2026-0116,VEQ-05-04,Excavator,Mini Excavator,CAT 305,CAT305-00116,1,395.00,1185.00,3950.00,125.00,125.00,USD,Good,Pending,2028-11-28T12:00:00Z,2028-11-28T12:00:00Z,ER-2026-000116
RIT-000117,RC-2026-0117,VEQ-06-01,Lift,60-ft Boom Lift,JLG 600S,JLG600S-00117,1,485.00,1455.00,4850.00,125.00,125.00,USD,Good,Pending,2028-12-23T12:00:00Z,2028-12-23T12:00:00Z,ER-2026-000117
RIT-000118,RC-2026-0118,VEQ-06-02,Generator,Towable Generator,CAT XQ35,CATXQ35-00118,1,210.00,630.00,2100.00,125.00,125.00,USD,Good,Pending,2029-01-17T12:00:00Z,2029-01-17T12:00:00Z,ER-2026-000118
