event_id,contract_id,event_type,event_timestamp,performed_by_staff_id,old_end_date,new_end_date,reason_code,notes,source_system,source_event_id,created_at,updated_at,correlation_id
RLE-000001-1,RC-2026-0001,Rent,2024-08-09T12:00:00Z,STF-001,,,,Rent event for RC-2026-0001,EquipmentRENTAL_LCversion,ER-2026-000001-1,2024-08-09T12:00:00Z,2024-08-09T12:00:00Z,ER-2026-000001
RLE-000001-2,RC-2026-0001,Return Requested,2024-08-28T12:00:00Z,STF-001,,,,Return Requested event for RC-2026-0001,EquipmentRENTAL_LCversion,ER-2026-000001-2,2024-08-28T12:00:00Z,2024-08-28T12:00:00Z,ER-2026-000001
RLE-000001-3,RC-2026-0001,Return,2024-08-30T12:00:00Z,STF-001,,,,Return event for RC-2026-0001,EquipmentRENTAL_LCversion,ER-2026-000001-3,2024-08-30T12:00:00Z,2024-08-30T12:00:00Z,ER-2026-000001
RLE-000002-1,RC-2026-0002,Rent,2024-08-18T12:00:00Z,STF-005,,,,Rent event for RC-2026-0002,EquipmentRENTAL_LCversion,ER-2026-000002-1,2024-08-18T12:00:00Z,2024-08-18T12:00:00Z,ER-2026-000002
RLE-000002-2,RC-2026-0002,Return Requested,2024-09-13T12:00:00Z,STF-005,,,,Return Requested event for RC-2026-0002,EquipmentRENTAL_LCversion,ER-2026-000002-2,2024-09-13T12:00:00Z,2024-09-13T12:00:00Z,ER-2026-000002
RLE-000002-3,RC-2026-0002,Return,2024-09-15T12:00:00Z,STF-005,,,,Return event for RC-2026-0002,EquipmentRENTAL_LCversion,ER-2026-000002-3,2024-09-15T12:00:00Z,2024-09-15T12:00:00Z,ER-2026-000002
RLE-000003-1,RC-2026-0003,Rent,2024-08-27T12:00:00Z,STF-009,,,,Rent event for RC-2026-0003,EquipmentRENTAL_LCversion,ER-2026-000003-1,2024-08-27T12:00:00Z,2024-08-27T12:00:00Z,ER-2026-000003
RLE-000003-2,RC-2026-0003,Return Requested,2024-09-29T12:00:00Z,STF-009,,,,Return Requested event for RC-2026-0003,EquipmentRENTAL_LCversion,ER-2026-000003-2,2024-09-29T12:00:00Z,2024-09-29T12:00:00Z,ER-2026-000003
RLE-000003-3,RC-2026-0003,Return,2024-10-01T12:00:00Z,STF-009,,,,Return event for RC-2026-0003,EquipmentRENTAL_LCversion,ER-2026-000003-3,2024-10-01T12:00:00Z,2024-10-01T12:00:00Z,ER-2026-000003
RLE-000004-1,RC-2026-0004,Rent,2024-09-05T12:00:00Z,STF-013,,,,Rent event for RC-2026-0004,EquipmentRENTAL_LCversion,ER-2026-000004-1,2024-09-05T12:00:00Z,2024-09-05T12:00:00Z,ER-2026-000004
RLE-000004-2,RC-2026-0004,Return Requested,2024-09-17T12:00:00Z,STF-013,,,,Return Requested event for RC-2026-0004,EquipmentRENTAL_LCversion,ER-2026-000004-2,2024-09-17T12:00:00Z,2024-09-17T12:00:00Z,ER-2026-000004
RLE-000004-3,RC-2026-0004,Return,2024-09-19T12:00:00Z,STF-013,,,,Return event for RC-2026-0004,EquipmentRENTAL_LCversion,ER-2026-000004-3,2024-09-19T12:00:00Z,2024-09-19T12:00:00Z,ER-2026-000004
RLE-000005-1,RC-2026-0005,Rent,2024-09-14T12:00:00Z,STF-001,,,,Rent event for RC-2026-0005,EquipmentRENTAL_LCversion,ER-2026-000005-1,2024-09-14T12:00:00Z,2024-09-14T12:00:00Z,ER-2026-000005
RLE-000005-2,RC-2026-0005,Return Requested,2024-10-03T12:00:00Z,STF-001,,,,Return Requested event for RC-2026-0005,EquipmentRENTAL_LCversion,ER-2026-000005-2,2024-10-03T12:00:00Z,2024-10-03T12:00:00Z,ER-2026-000005
RLE-000005-3,RC-2026-0005,Return,2024-10-05T12:00:00Z,STF-001,,,,Return event for RC-2026-0005,EquipmentRENTAL_LCversion,ER-2026-000005-3,2024-10-05T12:00:00Z,2024-10-05T12:00:00Z,ER-2026-000005
RLE-000006-1,RC-2026-0006,Rent,2024-09-23T12:00:00Z,STF-005,,,,Rent event for RC-2026-0006,EquipmentRENTAL_LCversion,ER-2026-000006-1,2024-09-23T12:00:00Z,2024-09-23T12:00:00Z,ER-2026-000006
RLE-000006-2,RC-2026-0006,Return Requested,2024-10-19T12:00:00Z,STF-005,,,,Return Requested event for RC-2026-0006,EquipmentRENTAL_LCversion,ER-2026-000006-2,2024-10-19T12:00:00Z,2024-10-19T12:00:00Z,ER-2026-000006
RLE-000006-3,RC-2026-0006,Return,2024-10-21T12:00:00Z,STF-005,,,,Return event for RC-2026-0006,EquipmentRENTAL_LCversion,ER-2026-000006-3,2024-10-21T12:00:00Z,2024-10-21T12:00:00Z,ER-2026-000006
RLE-000007-1,RC-2026-0007,Rent,2024-10-02T12:00:00Z,STF-009,,,,Rent event for RC-2026-0007,EquipmentRENTAL_LCversion,ER-2026-000007-1,2024-10-02T12:00:00Z,2024-10-02T12:00:00Z,ER-2026-000007
RLE-000007-2,RC-2026-0007,Extend,2024-11-06T12:00:00Z,STF-009,2024-11-06,2024-11-27,Project Delay,Extend event for RC-2026-0007,EquipmentRENTAL_LCversion,ER-2026-000007-2,2024-11-06T12:00:00Z,2024-11-06T12:00:00Z,ER-2026-000007
RLE-000008-1,RC-2026-0008,Rent,2024-10-11T12:00:00Z,STF-013,,,,Rent event for RC-2026-0008,EquipmentRENTAL_LCversion,ER-2026-000008-1,2024-10-11T12:00:00Z,2024-10-11T12:00:00Z,ER-2026-000008
RLE-000008-2,RC-2026-0008,Return Requested,2024-10-23T12:00:00Z,STF-013,,,,Return Requested event for RC-2026-0008,EquipmentRENTAL_LCversion,ER-2026-000008-2,2024-10-23T12:00:00Z,2024-10-23T12:00:00Z,ER-2026-000008
RLE-000008-3,RC-2026-0008,Return,2024-10-25T12:00:00Z,STF-013,,,,Return event for RC-2026-0008,EquipmentRENTAL_LCversion,ER-2026-000008-3,2024-10-25T12:00:00Z,2024-10-25T12:00:00Z,ER-2026-000008
RLE-000009-1,RC-2026-0009,Rent,2024-10-20T12:00:00Z,STF-001,,,,Rent event for RC-2026-0009,EquipmentRENTAL_LCversion,ER-2026-000009-1,2024-10-20T12:00:00Z,2024-10-20T12:00:00Z,ER-2026-000009
RLE-000009-2,RC-2026-0009,Return Requested,2024-11-08T12:00:00Z,STF-001,,,,Return Requested event for RC-2026-0009,EquipmentRENTAL_LCversion,ER-2026-000009-2,2024-11-08T12:00:00Z,2024-11-08T12:00:00Z,ER-2026-000009
RLE-000009-3,RC-2026-0009,Return,2024-11-10T12:00:00Z,STF-001,,,,Return event for RC-2026-0009,EquipmentRENTAL_LCversion,ER-2026-000009-3,2024-11-10T12:00:00Z,2024-11-10T12:00:00Z,ER-2026-000009
RLE-000010-1,RC-2026-0010,Rent,2024-10-29T12:00:00Z,STF-005,,,,Rent event for RC-2026-0010,EquipmentRENTAL_LCversion,ER-2026-000010-1,2024-10-29T12:00:00Z,2024-10-29T12:00:00Z,ER-2026-000010
RLE-000010-2,RC-2026-0010,Return Requested,2024-11-24T12:00:00Z,STF-005,,,,Return Requested event for RC-2026-0010,EquipmentRENTAL_LCversion,ER-2026-000010-2,2024-11-24T12:00:00Z,2024-11-24T12:00:00Z,ER-2026-000010
RLE-000010-3,RC-2026-0010,Return,2024-11-26T12:00:00Z,STF-005,,,,Return event for RC-2026-0010,EquipmentRENTAL_LCversion,ER-2026-000010-3,2024-11-26T12:00:00Z,2024-11-26T12:00:00Z,ER-2026-000010
RLE-000011-1,RC-2026-0011,Rent,2024-11-07T12:00:00Z,STF-009,,,,Rent event for RC-2026-0011,EquipmentRENTAL_LCversion,ER-2026-000011-1,2024-11-07T12:00:00Z,2024-11-07T12:00:00Z,ER-2026-000011
RLE-000011-2,RC-2026-0011,Return Requested,2024-12-10T12:00:00Z,STF-009,,,,Return Requested event for RC-2026-0011,EquipmentRENTAL_LCversion,ER-2026-000011-2,2024-12-10T12:00:00Z,2024-12-10T12:00:00Z,ER-2026-000011
RLE-000011-3,RC-2026-0011,Return,2024-12-12T12:00:00Z,STF-009,,,,Return event for RC-2026-0011,EquipmentRENTAL_LCversion,ER-2026-000011-3,2024-12-12T12:00:00Z,2024-12-12T12:00:00Z,ER-2026-000011
RLE-000012-1,RC-2026-0012,Rent,2024-11-16T12:00:00Z,STF-013,,,,Rent event for RC-2026-0012,EquipmentRENTAL_LCversion,ER-2026-000012-1,2024-11-16T12:00:00Z,2024-11-16T12:00:00Z,ER-2026-000012
RLE-000012-2,RC-2026-0012,Return Requested,2024-11-28T12:00:00Z,STF-013,,,,Return Requested event for RC-2026-0012,EquipmentRENTAL_LCversion,ER-2026-000012-2,2024-11-28T12:00:00Z,2024-11-28T12:00:00Z,ER-2026-000012
RLE-000012-3,RC-2026-0012,Return,2024-11-30T12:00:00Z,STF-013,,,,Return event for RC-2026-0012,EquipmentRENTAL_LCversion,ER-2026-000012-3,2024-11-30T12:00:00Z,2024-11-30T12:00:00Z,ER-2026-000012
RLE-000013-1,RC-2026-0013,Rent,2024-11-25T12:00:00Z,STF-001,,,,Rent event for RC-2026-0013,EquipmentRENTAL_LCversion,ER-2026-000013-1,2024-11-25T12:00:00Z,2024-11-25T12:00:00Z,ER-2026-000013
RLE-000013-2,RC-2026-0013,Return Requested,2024-12-14T12:00:00Z,STF-001,,,,Return Requested event for RC-2026-0013,EquipmentRENTAL_LCversion,ER-2026-000013-2,2024-12-14T12:00:00Z,2024-12-14T12:00:00Z,ER-2026-000013
RLE-000013-3,RC-2026-0013,Return,2024-12-16T12:00:00Z,STF-001,,,,Return event for RC-2026-0013,EquipmentRENTAL_LCversion,ER-2026-000013-3,2024-12-16T12:00:00Z,2024-12-16T12:00:00Z,ER-2026-000013
RLE-000014-1,RC-2026-0014,Rent,2024-12-04T12:00:00Z,STF-005,,,,Rent event for RC-2026-0014,EquipmentRENTAL_LCversion,ER-2026-000014-1,2024-12-04T12:00:00Z,2024-12-04T12:00:00Z,ER-2026-000014
RLE-000014-2,RC-2026-0014,Extend,2025-01-01T12:00:00Z,STF-005,2025-01-01,2025-01-22,Project Delay,Extend event for RC-2026-0014,EquipmentRENTAL_LCversion,ER-2026-000014-2,2025-01-01T12:00:00Z,2025-01-01T12:00:00Z,ER-2026-000014
RLE-000015-1,RC-2026-0015,Rent,2024-12-13T12:00:00Z,STF-009,,,,Rent event for RC-2026-0015,EquipmentRENTAL_LCversion,ER-2026-000015-1,2024-12-13T12:00:00Z,2024-12-13T12:00:00Z,ER-2026-000015
RLE-000015-2,RC-2026-0015,Return Requested,2025-01-15T12:00:00Z,STF-009,,,,Return Requested event for RC-2026-0015,EquipmentRENTAL_LCversion,ER-2026-000015-2,2025-01-15T12:00:00Z,2025-01-15T12:00:00Z,ER-2026-000015
RLE-000015-3,RC-2026-0015,Return,2025-01-17T12:00:00Z,STF-009,,,,Return event for RC-2026-0015,EquipmentRENTAL_LCversion,ER-2026-000015-3,2025-01-17T12:00:00Z,2025-01-17T12:00:00Z,ER-2026-000015
RLE-000016-1,RC-2026-0016,Rent,2024-12-22T12:00:00Z,STF-013,,,,Rent event for RC-2026-0016,EquipmentRENTAL_LCversion,ER-2026-000016-1,2024-12-22T12:00:00Z,2024-12-22T12:00:00Z,ER-2026-000016
RLE-000016-2,RC-2026-0016,Return Requested,2025-01-03T12:00:00Z,STF-013,,,,Return Requested event for RC-2026-0016,EquipmentRENTAL_LCversion,ER-2026-000016-2,2025-01-03T12:00:00Z,2025-01-03T12:00:00Z,ER-2026-000016
RLE-000016-3,RC-2026-0016,Return,2025-01-05T12:00:00Z,STF-013,,,,Return event for RC-2026-0016,EquipmentRENTAL_LCversion,ER-2026-000016-3,2025-01-05T12:00:00Z,2025-01-05T12:00:00Z,ER-2026-000016
RLE-000017-1,RC-2026-0017,Rent,2024-12-31T12:00:00Z,STF-001,,,,Rent event for RC-2026-0017,EquipmentRENTAL_LCversion,ER-2026-000017-1,2024-12-31T12:00:00Z,2024-12-31T12:00:00Z,ER-2026-000017
RLE-000017-2,RC-2026-0017,Cancel,2025-01-02T12:00:00Z,STF-001,,,No Longer Needed,Cancel event for RC-2026-0017,EquipmentRENTAL_LCversion,ER-2026-000017-2,2025-01-02T12:00:00Z,2025-01-02T12:00:00Z,ER-2026-000017
RLE-000018-1,RC-2026-0018,Rent,2025-01-09T12:00:00Z,STF-005,,,,Rent event for RC-2026-0018,EquipmentRENTAL_LCversion,ER-2026-000018-1,2025-01-09T12:00:00Z,2025-01-09T12:00:00Z,ER-2026-000018
RLE-000018-2,RC-2026-0018,Return Requested,2025-02-04T12:00:00Z,STF-005,,,,Return Requested event for RC-2026-0018,EquipmentRENTAL_LCversion,ER-2026-000018-2,2025-02-04T12:00:00Z,2025-02-04T12:00:00Z,ER-2026-000018
RLE-000018-3,RC-2026-0018,Return,2025-02-06T12:00:00Z,STF-005,,,,Return event for RC-2026-0018,EquipmentRENTAL_LCversion,ER-2026-000018-3,2025-02-06T12:00:00Z,2025-02-06T12:00:00Z,ER-2026-000018
RLE-000019-1,RC-2026-0019,Rent,2025-01-18T12:00:00Z,STF-009,,,,Rent event for RC-2026-0019,EquipmentRENTAL_LCversion,ER-2026-000019-1,2025-01-18T12:00:00Z,2025-01-18T12:00:00Z,ER-2026-000019
RLE-000019-2,RC-2026-0019,Return Requested,2025-02-20T12:00:00Z,STF-009,,,,Return Requested event for RC-2026-0019,EquipmentRENTAL_LCversion,ER-2026-000019-2,2025-02-20T12:00:00Z,2025-02-20T12:00:00Z,ER-2026-000019
RLE-000019-3,RC-2026-0019,Return,2025-02-22T12:00:00Z,STF-009,,,,Return event for RC-2026-0019,EquipmentRENTAL_LCversion,ER-2026-000019-3,2025-02-22T12:00:00Z,2025-02-22T12:00:00Z,ER-2026-000019
RLE-000020-1,RC-2026-0020,Rent,2025-01-27T12:00:00Z,STF-013,,,,Rent event for RC-2026-0020,EquipmentRENTAL_LCversion,ER-2026-000020-1,2025-01-27T12:00:00Z,2025-01-27T12:00:00Z,ER-2026-000020
RLE-000020-2,RC-2026-0020,Return Requested,2025-02-08T12:00:00Z,STF-013,,,,Return Requested event for RC-2026-0020,EquipmentRENTAL_LCversion,ER-2026-000020-2,2025-02-08T12:00:00Z,2025-02-08T12:00:00Z,ER-2026-000020
RLE-000020-3,RC-2026-0020,Return,2025-02-10T12:00:00Z,STF-013,,,,Return event for RC-2026-0020,EquipmentRENTAL_LCversion,ER-2026-000020-3,2025-02-10T12:00:00Z,2025-02-10T12:00:00Z,ER-2026-000020
RLE-000021-1,RC-2026-0021,Rent,2025-02-05T12:00:00Z,STF-001,,,,Rent event for RC-2026-0021,EquipmentRENTAL_LCversion,ER-2026-000021-1,2025-02-05T12:00:00Z,2025-02-05T12:00:00Z,ER-2026-000021
RLE-000021-2,RC-2026-0021,Extend,2025-02-26T12:00:00Z,STF-001,2025-02-26,2025-03-19,Project Delay,Extend event for RC-2026-0021,EquipmentRENTAL_LCversion,ER-2026-000021-2,2025-02-26T12:00:00Z,2025-02-26T12:00:00Z,ER-2026-000021
RLE-000022-1,RC-2026-0022,Rent,2025-02-14T12:00:00Z,STF-005,,,,Rent event for RC-2026-0022,EquipmentRENTAL_LCversion,ER-2026-000022-1,2025-02-14T12:00:00Z,2025-02-14T12:00:00Z,ER-2026-000022
RLE-000022-2,RC-2026-0022,Return Requested,2025-03-12T12:00:00Z,STF-005,,,,Return Requested event for RC-2026-0022,EquipmentRENTAL_LCversion,ER-2026-000022-2,2025-03-12T12:00:00Z,2025-03-12T12:00:00Z,ER-2026-000022
RLE-000022-3,RC-2026-0022,Return,2025-03-14T12:00:00Z,STF-005,,,,Return event for RC-2026-0022,EquipmentRENTAL_LCversion,ER-2026-000022-3,2025-03-14T12:00:00Z,2025-03-14T12:00:00Z,ER-2026-000022
RLE-000023-1,RC-2026-0023,Rent,2025-02-23T12:00:00Z,STF-009,,,,Rent event for RC-2026-0023,EquipmentRENTAL_LCversion,ER-2026-000023-1,2025-02-23T12:00:00Z,2025-02-23T12:00:00Z,ER-2026-000023
RLE-000023-2,RC-2026-0023,Return Requested,2025-03-28T12:00:00Z,STF-009,,,,Return Requested event for RC-2026-0023,EquipmentRENTAL_LCversion,ER-2026-000023-2,2025-03-28T12:00:00Z,2025-03-28T12:00:00Z,ER-2026-000023
RLE-000023-3,RC-2026-0023,Return,2025-03-30T12:00:00Z,STF-009,,,,Return event for RC-2026-0023,EquipmentRENTAL_LCversion,ER-2026-000023-3,2025-03-30T12:00:00Z,2025-03-30T12:00:00Z,ER-2026-000023
RLE-000024-1,RC-2026-0024,Rent,2025-03-04T12:00:00Z,STF-013,,,,Rent event for RC-2026-0024,EquipmentRENTAL_LCversion,ER-2026-000024-1,2025-03-04T12:00:00Z,2025-03-04T12:00:00Z,ER-2026-000024
RLE-000024-2,RC-2026-0024,Return Requested,2025-03-16T12:00:00Z,STF-013,,,,Return Requested event for RC-2026-0024,EquipmentRENTAL_LCversion,ER-2026-000024-2,2025-03-16T12:00:00Z,2025-03-16T12:00:00Z,ER-2026-000024
RLE-000024-3,RC-2026-0024,Return,2025-03-18T12:00:00Z,STF-013,,,,Return event for RC-2026-0024,EquipmentRENTAL_LCversion,ER-2026-000024-3,2025-03-18T12:00:00Z,2025-03-18T12:00:00Z,ER-2026-000024
RLE-000025-1,RC-2026-0025,Rent,2025-03-13T12:00:00Z,STF-001,,,,Rent event for RC-2026-0025,EquipmentRENTAL_LCversion,ER-2026-000025-1,2025-03-13T12:00:00Z,2025-03-13T12:00:00Z,ER-2026-000025
RLE-000025-2,RC-2026-0025,Return Requested,2025-04-01T12:00:00Z,STF-001,,,,Return Requested event for RC-2026-0025,EquipmentRENTAL_LCversion,ER-2026-000025-2,2025-04-01T12:00:00Z,2025-04-01T12:00:00Z,ER-2026-000025
RLE-000025-3,RC-2026-0025,Return,2025-04-03T12:00:00Z,STF-001,,,,Return event for RC-2026-0025,EquipmentRENTAL_LCversion,ER-2026-000025-3,2025-04-03T12:00:00Z,2025-04-03T12:00:00Z,ER-2026-000025
RLE-000026-1,RC-2026-0026,Rent,2025-03-22T12:00:00Z,STF-005,,,,Rent event for RC-2026-0026,EquipmentRENTAL_LCversion,ER-2026-000026-1,2025-03-22T12:00:00Z,2025-03-22T12:00:00Z,ER-2026-000026
RLE-000026-2,RC-2026-0026,Return Requested,2025-04-17T12:00:00Z,STF-005,,,,Return Requested event for RC-2026-0026,EquipmentRENTAL_LCversion,ER-2026-000026-2,2025-04-17T12:00:00Z,2025-04-17T12:00:00Z,ER-2026-000026
RLE-000026-3,RC-2026-0026,Return,2025-04-19T12:00:00Z,STF-005,,,,Return event for RC-2026-0026,EquipmentRENTAL_LCversion,ER-2026-000026-3,2025-04-19T12:00:00Z,2025-04-19T12:00:00Z,ER-2026-000026
RLE-000027-1,RC-2026-0027,Rent,2025-03-31T12:00:00Z,STF-009,,,,Rent event for RC-2026-0027,EquipmentRENTAL_LCversion,ER-2026-000027-1,2025-03-31T12:00:00Z,2025-03-31T12:00:00Z,ER-2026-000027
RLE-000027-2,RC-2026-0027,Return Requested,2025-05-03T12:00:00Z,STF-009,,,,Return Requested event for RC-2026-0027,EquipmentRENTAL_LCversion,ER-2026-000027-2,2025-05-03T12:00:00Z,2025-05-03T12:00:00Z,ER-2026-000027
RLE-000027-3,RC-2026-0027,Return,2025-05-05T12:00:00Z,STF-009,,,,Return event for RC-2026-0027,EquipmentRENTAL_LCversion,ER-2026-000027-3,2025-05-05T12:00:00Z,2025-05-05T12:00:00Z,ER-2026-000027
RLE-000028-1,RC-2026-0028,Rent,2025-04-09T12:00:00Z,STF-013,,,,Rent event for RC-2026-0028,EquipmentRENTAL_LCversion,ER-2026-000028-1,2025-04-09T12:00:00Z,2025-04-09T12:00:00Z,ER-2026-000028
RLE-000028-2,RC-2026-0028,Extend,2025-04-23T12:00:00Z,STF-013,2025-04-23,2025-05-14,Project Delay,Extend event for RC-2026-0028,EquipmentRENTAL_LCversion,ER-2026-000028-2,2025-04-23T12:00:00Z,2025-04-23T12:00:00Z,ER-2026-000028
RLE-000029-1,RC-2026-0029,Rent,2025-04-18T12:00:00Z,STF-001,,,,Rent event for RC-2026-0029,EquipmentRENTAL_LCversion,ER-2026-000029-1,2025-04-18T12:00:00Z,2025-04-18T12:00:00Z,ER-2026-000029
RLE-000029-2,RC-2026-0029,Return Requested,2025-05-07T12:00:00Z,STF-001,,,,Return Requested event for RC-2026-0029,EquipmentRENTAL_LCversion,ER-2026-000029-2,2025-05-07T12:00:00Z,2025-05-07T12:00:00Z,ER-2026-000029
RLE-000029-3,RC-2026-0029,Return,2025-05-09T12:00:00Z,STF-001,,,,Return event for RC-2026-0029,EquipmentRENTAL_LCversion,ER-2026-000029-3,2025-05-09T12:00:00Z,2025-05-09T12:00:00Z,ER-2026-000029
RLE-000030-1,RC-2026-0030,Rent,2025-04-27T12:00:00Z,STF-005,,,,Rent event for RC-2026-0030,EquipmentRENTAL_LCversion,ER-2026-000030-1,2025-04-27T12:00:00Z,2025-04-27T12:00:00Z,ER-2026-000030
RLE-000030-2,RC-2026-0030,Return Requested,2025-05-23T12:00:00Z,STF-005,,,,Return Requested event for RC-2026-0030,EquipmentRENTAL_LCversion,ER-2026-000030-2,2025-05-23T12:00:00Z,2025-05-23T12:00:00Z,ER-2026-000030
RLE-000030-3,RC-2026-0030,Return,2025-05-25T12:00:00Z,STF-005,,,,Return event for RC-2026-0030,EquipmentRENTAL_LCversion,ER-2026-000030-3,2025-05-25T12:00:00Z,2025-05-25T12:00:00Z,ER-2026-000030
RLE-000031-1,RC-2026-0031,Rent,2025-05-06T12:00:00Z,STF-009,,,,Rent event for RC-2026-0031,EquipmentRENTAL_LCversion,ER-2026-000031-1,2025-05-06T12:00:00Z,2025-05-06T12:00:00Z,ER-2026-000031
RLE-000031-2,RC-2026-0031,Return Requested,2025-06-08T12:00:00Z,STF-009,,,,Return Requested event for RC-2026-0031,EquipmentRENTAL_LCversion,ER-2026-000031-2,2025-06-08T12:00:00Z,2025-06-08T12:00:00Z,ER-2026-000031
RLE-000031-3,RC-2026-0031,Return,2025-06-10T12:00:00Z,STF-009,,,,Return event for RC-2026-0031,EquipmentRENTAL_LCversion,ER-2026-000031-3,2025-06-10T12:00:00Z,2025-06-10T12:00:00Z,ER-2026-000031
RLE-000032-1,RC-2026-0032,Rent,2025-05-15T12:00:00Z,STF-013,,,,Rent event for RC-2026-0032,EquipmentRENTAL_LCversion,ER-2026-000032-1,2025-05-15T12:00:00Z,2025-05-15T12:00:00Z,ER-2026-000032
RLE-000032-2,RC-2026-0032,Return Requested,2025-05-27T12:00:00Z,STF-013,,,,Return Requested event for RC-2026-0032,EquipmentRENTAL_LCversion,ER-2026-000032-2,2025-05-27T12:00:00Z,2025-05-27T12:00:00Z,ER-2026-000032
RLE-000032-3,RC-2026-0032,Return,2025-05-29T12:00:00Z,STF-013,,,,Return event for RC-2026-0032,EquipmentRENTAL_LCversion,ER-2026-000032-3,2025-05-29T12:00:00Z,2025-05-29T12:00:00Z,ER-2026-000032
RLE-000033-1,RC-2026-0033,Rent,2025-05-24T12:00:00Z,STF-001,,,,Rent event for RC-2026-0033,EquipmentRENTAL_LCversion,ER-2026-000033-1,2025-05-24T12:00:00Z,2025-05-24T12:00:00Z,ER-2026-000033
RLE-000033-2,RC-2026-0033,Return Requested,2025-06-12T12:00:00Z,STF-001,,,,Return Requested event for RC-2026-0033,EquipmentRENTAL_LCversion,ER-2026-000033-2,2025-06-12T12:00:00Z,2025-06-12T12:00:00Z,ER-2026-000033
RLE-000033-3,RC-2026-0033,Return,2025-06-14T12:00:00Z,STF-001,,,,Return event for RC-2026-0033,EquipmentRENTAL_LCversion,ER-2026-000033-3,2025-06-14T12:00:00Z,2025-06-14T12:00:00Z,ER-2026-000033
RLE-000034-1,RC-2026-0034,Rent,2025-06-02T12:00:00Z,STF-005,,,,Rent event for RC-2026-0034,EquipmentRENTAL_LCversion,ER-2026-000034-1,2025-06-02T12:00:00Z,2025-06-02T12:00:00Z,ER-2026-000034
RLE-000034-2,RC-2026-0034,Cancel,2025-06-04T12:00:00Z,STF-005,,,No Longer Needed,Cancel event for RC-2026-0034,EquipmentRENTAL_LCversion,ER-2026-000034-2,2025-06-04T12:00:00Z,2025-06-04T12:00:00Z,ER-2026-000034
RLE-000035-1,RC-2026-0035,Rent,2025-06-11T12:00:00Z,STF-009,,,,Rent event for RC-2026-0035,EquipmentRENTAL_LCversion,ER-2026-000035-1,2025-06-11T12:00:00Z,2025-06-11T12:00:00Z,ER-2026-000035
RLE-000035-2,RC-2026-0035,Extend,2025-07-16T12:00:00Z,STF-009,2025-07-16,2025-08-06,Project Delay,Extend event for RC-2026-0035,EquipmentRENTAL_LCversion,ER-2026-000035-2,2025-07-16T12:00:00Z,2025-07-16T12:00:00Z,ER-2026-000035
RLE-000036-1,RC-2026-0036,Rent,2025-06-20T12:00:00Z,STF-013,,,,Rent event for RC-2026-0036,EquipmentRENTAL_LCversion,ER-2026-000036-1,2025-06-20T12:00:00Z,2025-06-20T12:00:00Z,ER-2026-000036
RLE-000036-2,RC-2026-0036,Return Requested,2025-07-02T12:00:00Z,STF-013,,,,Return Requested event for RC-2026-0036,EquipmentRENTAL_LCversion,ER-2026-000036-2,2025-07-02T12:00:00Z,2025-07-02T12:00:00Z,ER-2026-000036
RLE-000036-3,RC-2026-0036,Return,2025-07-04T12:00:00Z,STF-013,,,,Return event for RC-2026-0036,EquipmentRENTAL_LCversion,ER-2026-000036-3,2025-07-04T12:00:00Z,2025-07-04T12:00:00Z,ER-2026-000036
RLE-000037-1,RC-2026-0037,Rent,2025-06-29T12:00:00Z,STF-001,,,,Rent event for RC-2026-0037,EquipmentRENTAL_LCversion,ER-2026-000037-1,2025-06-29T12:00:00Z,2025-06-29T12:00:00Z,ER-2026-000037
RLE-000037-2,RC-2026-0037,Return Requested,2025-07-18T12:00:00Z,STF-001,,,,Return Requested event for RC-2026-0037,EquipmentRENTAL_LCversion,ER-2026-000037-2,2025-07-18T12:00:00Z,2025-07-18T12:00:00Z,ER-2026-000037
RLE-000037-3,RC-2026-0037,Return,2025-07-20T12:00:00Z,STF-001,,,,Return event for RC-2026-0037,EquipmentRENTAL_LCversion,ER-2026-000037-3,2025-07-20T12:00:00Z,2025-07-20T12:00:00Z,ER-2026-000037
RLE-000038-1,RC-2026-0038,Rent,2025-07-08T12:00:00Z,STF-005,,,,Rent event for RC-2026-0038,EquipmentRENTAL_LCversion,ER-2026-000038-1,2025-07-08T12:00:00Z,2025-07-08T12:00:00Z,ER-2026-000038
RLE-000038-2,RC-2026-0038,Return Requested,2025-08-03T12:00:00Z,STF-005,,,,Return Requested event for RC-2026-0038,EquipmentRENTAL_LCversion,ER-2026-000038-2,2025-08-03T12:00:00Z,2025-08-03T12:00:00Z,ER-2026-000038
RLE-000038-3,RC-2026-0038,Return,2025-08-05T12:00:00Z,STF-005,,,,Return event for RC-2026-0038,EquipmentRENTAL_LCversion,ER-2026-000038-3,2025-08-05T12:00:00Z,2025-08-05T12:00:00Z,ER-2026-000038
RLE-000039-1,RC-2026-0039,Rent,2025-07-17T12:00:00Z,STF-009,,,,Rent event for RC-2026-0039,EquipmentRENTAL_LCversion,ER-2026-000039-1,2025-07-17T12:00:00Z,2025-07-17T12:00:00Z,ER-2026-000039
RLE-000039-2,RC-2026-0039,Return Requested,2025-08-19T12:00:00Z,STF-009,,,,Return Requested event for RC-2026-0039,EquipmentRENTAL_LCversion,ER-2026-000039-2,2025-08-19T12:00:00Z,2025-08-19T12:00:00Z,ER-2026-000039
RLE-000039-3,RC-2026-0039,Return,2025-08-21T12:00:00Z,STF-009,,,,Return event for RC-2026-0039,EquipmentRENTAL_LCversion,ER-2026-000039-3,2025-08-21T12:00:00Z,2025-08-21T12:00:00Z,ER-2026-000039
RLE-000040-1,RC-2026-0040,Rent,2025-07-26T12:00:00Z,STF-013,,,,Rent event for RC-2026-0040,EquipmentRENTAL_LCversion,ER-2026-000040-1,2025-07-26T12:00:00Z,2025-07-26T12:00:00Z,ER-2026-000040
RLE-000040-2,RC-2026-0040,Return Requested,2025-08-07T12:00:00Z,STF-013,,,,Return Requested event for RC-2026-0040,EquipmentRENTAL_LCversion,ER-2026-000040-2,2025-08-07T12:00:00Z,2025-08-07T12:00:00Z,ER-2026-000040
RLE-000040-3,RC-2026-0040,Return,2025-08-09T12:00:00Z,STF-013,,,,Return event for RC-2026-0040,EquipmentRENTAL_LCversion,ER-2026-000040-3,2025-08-09T12:00:00Z,2025-08-09T12:00:00Z,ER-2026-000040
RLE-000041-1,RC-2026-0041,Rent,2025-08-04T12:00:00Z,STF-001,,,,Rent event for RC-2026-0041,EquipmentRENTAL_LCversion,ER-2026-000041-1,2025-08-04T12:00:00Z,2025-08-04T12:00:00Z,ER-2026-000041
RLE-000041-2,RC-2026-0041,Return Requested,2025-08-23T12:00:00Z,STF-001,,,,Return Requested event for RC-2026-0041,EquipmentRENTAL_LCversion,ER-2026-000041-2,2025-08-23T12:00:00Z,2025-08-23T12:00:00Z,ER-2026-000041
RLE-000041-3,RC-2026-0041,Return,2025-08-25T12:00:00Z,STF-001,,,,Return event for RC-2026-0041,EquipmentRENTAL_LCversion,ER-2026-000041-3,2025-08-25T12:00:00Z,2025-08-25T12:00:00Z,ER-2026-000041
RLE-000042-1,RC-2026-0042,Rent,2025-08-13T12:00:00Z,STF-005,,,,Rent event for RC-2026-0042,EquipmentRENTAL_LCversion,ER-2026-000042-1,2025-08-13T12:00:00Z,2025-08-13T12:00:00Z,ER-2026-000042
RLE-000042-2,RC-2026-0042,Extend,2025-09-10T12:00:00Z,STF-005,2025-09-10,2025-10-01,Project Delay,Extend event for RC-2026-0042,EquipmentRENTAL_LCversion,ER-2026-000042-2,2025-09-10T12:00:00Z,2025-09-10T12:00:00Z,ER-2026-000042
RLE-000043-1,RC-2026-0043,Rent,2025-08-22T12:00:00Z,STF-009,,,,Rent event for RC-2026-0043,EquipmentRENTAL_LCversion,ER-2026-000043-1,2025-08-22T12:00:00Z,2025-08-22T12:00:00Z,ER-2026-000043
RLE-000043-2,RC-2026-0043,Return Requested,2025-09-24T12:00:00Z,STF-009,,,,Return Requested event for RC-2026-0043,EquipmentRENTAL_LCversion,ER-2026-000043-2,2025-09-24T12:00:00Z,2025-09-24T12:00:00Z,ER-2026-000043
RLE-000043-3,RC-2026-0043,Return,2025-09-26T12:00:00Z,STF-009,,,,Return event for RC-2026-0043,EquipmentRENTAL_LCversion,ER-2026-000043-3,2025-09-26T12:00:00Z,2025-09-26T12:00:00Z,ER-2026-000043
RLE-000044-1,RC-2026-0044,Rent,2025-08-31T12:00:00Z,STF-013,,,,Rent event for RC-2026-0044,EquipmentRENTAL_LCversion,ER-2026-000044-1,2025-08-31T12:00:00Z,2025-08-31T12:00:00Z,ER-2026-000044
RLE-000044-2,RC-2026-0044,Return Requested,2025-09-12T12:00:00Z,STF-013,,,,Return Requested event for RC-2026-0044,EquipmentRENTAL_LCversion,ER-2026-000044-2,2025-09-12T12:00:00Z,2025-09-12T12:00:00Z,ER-2026-000044
RLE-000044-3,RC-2026-0044,Return,2025-09-14T12:00:00Z,STF-013,,,,Return event for RC-2026-0044,EquipmentRENTAL_LCversion,ER-2026-000044-3,2025-09-14T12:00:00Z,2025-09-14T12:00:00Z,ER-2026-000044
RLE-000045-1,RC-2026-0045,Rent,2025-09-09T12:00:00Z,STF-001,,,,Rent event for RC-2026-0045,EquipmentRENTAL_LCversion,ER-2026-000045-1,2025-09-09T12:00:00Z,2025-09-09T12:00:00Z,ER-2026-000045
RLE-000045-2,RC-2026-0045,Return Requested,2025-09-28T12:00:00Z,STF-001,,,,Return Requested event for RC-2026-0045,EquipmentRENTAL_LCversion,ER-2026-000045-2,2025-09-28T12:00:00Z,2025-09-28T12:00:00Z,ER-2026-000045
RLE-000045-3,RC-2026-0045,Return,2025-09-30T12:00:00Z,STF-001,,,,Return event for RC-2026-0045,EquipmentRENTAL_LCversion,ER-2026-000045-3,2025-09-30T12:00:00Z,2025-09-30T12:00:00Z,ER-2026-000045
RLE-000046-1,RC-2026-0046,Rent,2025-09-18T12:00:00Z,STF-005,,,,Rent event for RC-2026-0046,EquipmentRENTAL_LCversion,ER-2026-000046-1,2025-09-18T12:00:00Z,2025-09-18T12:00:00Z,ER-2026-000046
RLE-000046-2,RC-2026-0046,Return Requested,2025-10-14T12:00:00Z,STF-005,,,,Return Requested event for RC-2026-0046,EquipmentRENTAL_LCversion,ER-2026-000046-2,2025-10-14T12:00:00Z,2025-10-14T12:00:00Z,ER-2026-000046
RLE-000046-3,RC-2026-0046,Return,2025-10-16T12:00:00Z,STF-005,,,,Return event for RC-2026-0046,EquipmentRENTAL_LCversion,ER-2026-000046-3,2025-10-16T12:00:00Z,2025-10-16T12:00:00Z,ER-2026-000046
RLE-000047-1,RC-2026-0047,Rent,2025-09-27T12:00:00Z,STF-009,,,,Rent event for RC-2026-0047,EquipmentRENTAL_LCversion,ER-2026-000047-1,2025-09-27T12:00:00Z,2025-09-27T12:00:00Z,ER-2026-000047
RLE-000047-2,RC-2026-0047,Return Requested,2025-10-30T12:00:00Z,STF-009,,,,Return Requested event for RC-2026-0047,EquipmentRENTAL_LCversion,ER-2026-000047-2,2025-10-30T12:00:00Z,2025-10-30T12:00:00Z,ER-2026-000047
RLE-000047-3,RC-2026-0047,Return,2025-11-01T12:00:00Z,STF-009,,,,Return event for RC-2026-0047,EquipmentRENTAL_LCversion,ER-2026-000047-3,2025-11-01T12:00:00Z,2025-11-01T12:00:00Z,ER-2026-000047
RLE-000048-1,RC-2026-0048,Rent,2025-10-06T12:00:00Z,STF-013,,,,Rent event for RC-2026-0048,EquipmentRENTAL_LCversion,ER-2026-000048-1,2025-10-06T12:00:00Z,2025-10-06T12:00:00Z,ER-2026-000048
RLE-000048-2,RC-2026-0048,Return Requested,2025-10-18T12:00:00Z,STF-013,,,,Return Requested event for RC-2026-0048,EquipmentRENTAL_LCversion,ER-2026-000048-2,2025-10-18T12:00:00Z,2025-10-18T12:00:00Z,ER-2026-000048
RLE-000048-3,RC-2026-0048,Return,2025-10-20T12:00:00Z,STF-013,,,,Return event for RC-2026-0048,EquipmentRENTAL_LCversion,ER-2026-000048-3,2025-10-20T12:00:00Z,2025-10-20T12:00:00Z,ER-2026-000048
RLE-000049-1,RC-2026-0049,Rent,2025-10-15T12:00:00Z,STF-001,,,,Rent event for RC-2026-0049,EquipmentRENTAL_LCversion,ER-2026-000049-1,2025-10-15T12:00:00Z,2025-10-15T12:00:00Z,ER-2026-000049
RLE-000049-2,RC-2026-0049,Extend,2025-11-05T12:00:00Z,STF-001,2025-11-05,2025-11-26,Project Delay,Extend event for RC-2026-0049,EquipmentRENTAL_LCversion,ER-2026-000049-2,2025-11-05T12:00:00Z,2025-11-05T12:00:00Z,ER-2026-000049
RLE-000050-1,RC-2026-0050,Rent,2025-10-24T12:00:00Z,STF-005,,,,Rent event for RC-2026-0050,EquipmentRENTAL_LCversion,ER-2026-000050-1,2025-10-24T12:00:00Z,2025-10-24T12:00:00Z,ER-2026-000050
RLE-000050-2,RC-2026-0050,Return Requested,2025-11-19T12:00:00Z,STF-005,,,,Return Requested event for RC-2026-0050,EquipmentRENTAL_LCversion,ER-2026-000050-2,2025-11-19T12:00:00Z,2025-11-19T12:00:00Z,ER-2026-000050
RLE-000050-3,RC-2026-0050,Return,2025-11-21T12:00:00Z,STF-005,,,,Return event for RC-2026-0050,EquipmentRENTAL_LCversion,ER-2026-000050-3,2025-11-21T12:00:00Z,2025-11-21T12:00:00Z,ER-2026-000050
RLE-000051-1,RC-2026-0051,Rent,2025-11-02T12:00:00Z,STF-009,,,,Rent event for RC-2026-0051,EquipmentRENTAL_LCversion,ER-2026-000051-1,2025-11-02T12:00:00Z,2025-11-02T12:00:00Z,ER-2026-000051
RLE-000051-2,RC-2026-0051,Cancel,2025-11-04T12:00:00Z,STF-009,,,No Longer Needed,Cancel event for RC-2026-0051,EquipmentRENTAL_LCversion,ER-2026-000051-2,2025-11-04T12:00:00Z,2025-11-04T12:00:00Z,ER-2026-000051
RLE-000052-1,RC-2026-0052,Rent,2025-11-11T12:00:00Z,STF-013,,,,Rent event for RC-2026-0052,EquipmentRENTAL_LCversion,ER-2026-000052-1,2025-11-11T12:00:00Z,2025-11-11T12:00:00Z,ER-2026-000052
RLE-000052-2,RC-2026-0052,Return Requested,2025-11-23T12:00:00Z,STF-013,,,,Return Requested event for RC-2026-0052,EquipmentRENTAL_LCversion,ER-2026-000052-2,2025-11-23T12:00:00Z,2025-11-23T12:00:00Z,ER-2026-000052
RLE-000052-3,RC-2026-0052,Return,2025-11-25T12:00:00Z,STF-013,,,,Return event for RC-2026-0052,EquipmentRENTAL_LCversion,ER-2026-000052-3,2025-11-25T12:00:00Z,2025-11-25T12:00:00Z,ER-2026-000052
RLE-000053-1,RC-2026-0053,Rent,2025-11-20T12:00:00Z,STF-001,,,,Rent event for RC-2026-0053,EquipmentRENTAL_LCversion,ER-2026-000053-1,2025-11-20T12:00:00Z,2025-11-20T12:00:00Z,ER-2026-000053
RLE-000053-2,RC-2026-0053,Return Requested,2025-12-09T12:00:00Z,STF-001,,,,Return Requested event for RC-2026-0053,EquipmentRENTAL_LCversion,ER-2026-000053-2,2025-12-09T12:00:00Z,2025-12-09T12:00:00Z,ER-2026-000053
RLE-000053-3,RC-2026-0053,Return,2025-12-11T12:00:00Z,STF-001,,,,Return event for RC-2026-0053,EquipmentRENTAL_LCversion,ER-2026-000053-3,2025-12-11T12:00:00Z,2025-12-11T12:00:00Z,ER-2026-000053
RLE-000054-1,RC-2026-0054,Rent,2025-11-29T12:00:00Z,STF-005,,,,Rent event for RC-2026-0054,EquipmentRENTAL_LCversion,ER-2026-000054-1,2025-11-29T12:00:00Z,2025-11-29T12:00:00Z,ER-2026-000054
RLE-000054-2,RC-2026-0054,Return Requested,2025-12-25T12:00:00Z,STF-005,,,,Return Requested event for RC-2026-0054,EquipmentRENTAL_LCversion,ER-2026-000054-2,2025-12-25T12:00:00Z,2025-12-25T12:00:00Z,ER-2026-000054
RLE-000054-3,RC-2026-0054,Return,2025-12-27T12:00:00Z,STF-005,,,,Return event for RC-2026-0054,EquipmentRENTAL_LCversion,ER-2026-000054-3,2025-12-27T12:00:00Z,2025-12-27T12:00:00Z,ER-2026-000054
RLE-000055-1,RC-2026-0055,Rent,2025-12-08T12:00:00Z,STF-009,,,,Rent event for RC-2026-0055,EquipmentRENTAL_LCversion,ER-2026-000055-1,2025-12-08T12:00:00Z,2025-12-08T12:00:00Z,ER-2026-000055
RLE-000055-2,RC-2026-0055,Return Requested,2026-01-10T12:00:00Z,STF-009,,,,Return Requested event for RC-2026-0055,EquipmentRENTAL_LCversion,ER-2026-000055-2,2026-01-10T12:00:00Z,2026-01-10T12:00:00Z,ER-2026-000055
RLE-000055-3,RC-2026-0055,Return,2026-01-12T12:00:00Z,STF-009,,,,Return event for RC-2026-0055,EquipmentRENTAL_LCversion,ER-2026-000055-3,2026-01-12T12:00:00Z,2026-01-12T12:00:00Z,ER-2026-000055
RLE-000056-1,RC-2026-0056,Rent,2025-12-17T12:00:00Z,STF-013,,,,Rent event for RC-2026-0056,EquipmentRENTAL_LCversion,ER-2026-000056-1,2025-12-17T12:00:00Z,2025-12-17T12:00:00Z,ER-2026-000056
RLE-000056-2,RC-2026-0056,Extend,2025-12-31T12:00:00Z,STF-013,2025-12-31,2026-01-21,Project Delay,Extend event for RC-2026-0056,EquipmentRENTAL_LCversion,ER-2026-000056-2,2025-12-31T12:00:00Z,2025-12-31T12:00:00Z,ER-2026-000056
RLE-000057-1,RC-2026-0057,Rent,2025-12-26T12:00:00Z,STF-001,,,,Rent event for RC-2026-0057,EquipmentRENTAL_LCversion,ER-2026-000057-1,2025-12-26T12:00:00Z,2025-12-26T12:00:00Z,ER-2026-000057
RLE-000057-2,RC-2026-0057,Return Requested,2026-01-14T12:00:00Z,STF-001,,,,Return Requested event for RC-2026-0057,EquipmentRENTAL_LCversion,ER-2026-000057-2,2026-01-14T12:00:00Z,2026-01-14T12:00:00Z,ER-2026-000057
RLE-000057-3,RC-2026-0057,Return,2026-01-16T12:00:00Z,STF-001,,,,Return event for RC-2026-0057,EquipmentRENTAL_LCversion,ER-2026-000057-3,2026-01-16T12:00:00Z,2026-01-16T12:00:00Z,ER-2026-000057
RLE-000058-1,RC-2026-0058,Rent,2026-01-04T12:00:00Z,STF-005,,,,Rent event for RC-2026-0058,EquipmentRENTAL_LCversion,ER-2026-000058-1,2026-01-04T12:00:00Z,2026-01-04T12:00:00Z,ER-2026-000058
RLE-000058-2,RC-2026-0058,Return Requested,2026-01-30T12:00:00Z,STF-005,,,,Return Requested event for RC-2026-0058,EquipmentRENTAL_LCversion,ER-2026-000058-2,2026-01-30T12:00:00Z,2026-01-30T12:00:00Z,ER-2026-000058
RLE-000058-3,RC-2026-0058,Return,2026-02-01T12:00:00Z,STF-005,,,,Return event for RC-2026-0058,EquipmentRENTAL_LCversion,ER-2026-000058-3,2026-02-01T12:00:00Z,2026-02-01T12:00:00Z,ER-2026-000058
RLE-000059-1,RC-2026-0059,Rent,2026-01-13T12:00:00Z,STF-009,,,,Rent event for RC-2026-0059,EquipmentRENTAL_LCversion,ER-2026-000059-1,2026-01-13T12:00:00Z,2026-01-13T12:00:00Z,ER-2026-000059
RLE-000059-2,RC-2026-0059,Return Requested,2026-02-15T12:00:00Z,STF-009,,,,Return Requested event for RC-2026-0059,EquipmentRENTAL_LCversion,ER-2026-000059-2,2026-02-15T12:00:00Z,2026-02-15T12:00:00Z,ER-2026-000059
RLE-000059-3,RC-2026-0059,Return,2026-02-17T12:00:00Z,STF-009,,,,Return event for RC-2026-0059,EquipmentRENTAL_LCversion,ER-2026-000059-3,2026-02-17T12:00:00Z,2026-02-17T12:00:00Z,ER-2026-000059
RLE-000060-1,RC-2026-0060,Rent,2026-01-22T12:00:00Z,STF-013,,,,Rent event for RC-2026-0060,EquipmentRENTAL_LCversion,ER-2026-000060-1,2026-01-22T12:00:00Z,2026-01-22T12:00:00Z,ER-2026-000060
RLE-000060-2,RC-2026-0060,Return Requested,2026-02-03T12:00:00Z,STF-013,,,,Return Requested event for RC-2026-0060,EquipmentRENTAL_LCversion,ER-2026-000060-2,2026-02-03T12:00:00Z,2026-02-03T12:00:00Z,ER-2026-000060
RLE-000060-3,RC-2026-0060,Return,2026-02-05T12:00:00Z,STF-013,,,,Return event for RC-2026-0060,EquipmentRENTAL_LCversion,ER-2026-000060-3,2026-02-05T12:00:00Z,2026-02-05T12:00:00Z,ER-2026-000060
RLE-000061-1,RC-2026-0061,Rent,2026-01-31T12:00:00Z,STF-001,,,,Rent event for RC-2026-0061,EquipmentRENTAL_LCversion,ER-2026-000061-1,2026-01-31T12:00:00Z,2026-01-31T12:00:00Z,ER-2026-000061
RLE-000061-2,RC-2026-0061,Return Requested,2026-02-19T12:00:00Z,STF-001,,,,Return Requested event for RC-2026-0061,EquipmentRENTAL_LCversion,ER-2026-000061-2,2026-02-19T12:00:00Z,2026-02-19T12:00:00Z,ER-2026-000061
RLE-000061-3,RC-2026-0061,Return,2026-02-21T12:00:00Z,STF-001,,,,Return event for RC-2026-0061,EquipmentRENTAL_LCversion,ER-2026-000061-3,2026-02-21T12:00:00Z,2026-02-21T12:00:00Z,ER-2026-000061
RLE-000062-1,RC-2026-0062,Rent,2026-02-09T12:00:00Z,STF-005,,,,Rent event for RC-2026-0062,EquipmentRENTAL_LCversion,ER-2026-000062-1,2026-02-09T12:00:00Z,2026-02-09T12:00:00Z,ER-2026-000062
RLE-000062-2,RC-2026-0062,Return Requested,2026-03-07T12:00:00Z,STF-005,,,,Return Requested event for RC-2026-0062,EquipmentRENTAL_LCversion,ER-2026-000062-2,2026-03-07T12:00:00Z,2026-03-07T12:00:00Z,ER-2026-000062
RLE-000062-3,RC-2026-0062,Return,2026-03-09T12:00:00Z,STF-005,,,,Return event for RC-2026-0062,EquipmentRENTAL_LCversion,ER-2026-000062-3,2026-03-09T12:00:00Z,2026-03-09T12:00:00Z,ER-2026-000062
RLE-000063-1,RC-2026-0063,Rent,2026-02-18T12:00:00Z,STF-009,,,,Rent event for RC-2026-0063,EquipmentRENTAL_LCversion,ER-2026-000063-1,2026-02-18T12:00:00Z,2026-02-18T12:00:00Z,ER-2026-000063
RLE-000063-2,RC-2026-0063,Extend,2026-03-25T12:00:00Z,STF-009,2026-03-25,2026-04-15,Project Delay,Extend event for RC-2026-0063,EquipmentRENTAL_LCversion,ER-2026-000063-2,2026-03-25T12:00:00Z,2026-03-25T12:00:00Z,ER-2026-000063
RLE-000064-1,RC-2026-0064,Rent,2026-02-27T12:00:00Z,STF-013,,,,Rent event for RC-2026-0064,EquipmentRENTAL_LCversion,ER-2026-000064-1,2026-02-27T12:00:00Z,2026-02-27T12:00:00Z,ER-2026-000064
RLE-000064-2,RC-2026-0064,Return Requested,2026-03-11T12:00:00Z,STF-013,,,,Return Requested event for RC-2026-0064,EquipmentRENTAL_LCversion,ER-2026-000064-2,2026-03-11T12:00:00Z,2026-03-11T12:00:00Z,ER-2026-000064
RLE-000064-3,RC-2026-0064,Return,2026-03-13T12:00:00Z,STF-013,,,,Return event for RC-2026-0064,EquipmentRENTAL_LCversion,ER-2026-000064-3,2026-03-13T12:00:00Z,2026-03-13T12:00:00Z,ER-2026-000064
RLE-000065-1,RC-2026-0065,Rent,2026-03-08T12:00:00Z,STF-001,,,,Rent event for RC-2026-0065,EquipmentRENTAL_LCversion,ER-2026-000065-1,2026-03-08T12:00:00Z,2026-03-08T12:00:00Z,ER-2026-000065
RLE-000065-2,RC-2026-0065,Return Requested,2026-03-27T12:00:00Z,STF-001,,,,Return Requested event for RC-2026-0065,EquipmentRENTAL_LCversion,ER-2026-000065-2,2026-03-27T12:00:00Z,2026-03-27T12:00:00Z,ER-2026-000065
RLE-000065-3,RC-2026-0065,Return,2026-03-29T12:00:00Z,STF-001,,,,Return event for RC-2026-0065,EquipmentRENTAL_LCversion,ER-2026-000065-3,2026-03-29T12:00:00Z,2026-03-29T12:00:00Z,ER-2026-000065
RLE-000066-1,RC-2026-0066,Rent,2026-03-17T12:00:00Z,STF-005,,,,Rent event for RC-2026-0066,EquipmentRENTAL_LCversion,ER-2026-000066-1,2026-03-17T12:00:00Z,2026-03-17T12:00:00Z,ER-2026-000066
RLE-000066-2,RC-2026-0066,Return Requested,2026-04-12T12:00:00Z,STF-005,,,,Return Requested event for RC-2026-0066,EquipmentRENTAL_LCversion,ER-2026-000066-2,2026-04-12T12:00:00Z,2026-04-12T12:00:00Z,ER-2026-000066
RLE-000066-3,RC-2026-0066,Return,2026-04-14T12:00:00Z,STF-005,,,,Return event for RC-2026-0066,EquipmentRENTAL_LCversion,ER-2026-000066-3,2026-04-14T12:00:00Z,2026-04-14T12:00:00Z,ER-2026-000066
RLE-000067-1,RC-2026-0067,Rent,2026-03-26T12:00:00Z,STF-009,,,,Rent event for RC-2026-0067,EquipmentRENTAL_LCversion,ER-2026-000067-1,2026-03-26T12:00:00Z,2026-03-26T12:00:00Z,ER-2026-000067
RLE-000067-2,RC-2026-0067,Return Requested,2026-04-28T12:00:00Z,STF-009,,,,Return Requested event for RC-2026-0067,EquipmentRENTAL_LCversion,ER-2026-000067-2,2026-04-28T12:00:00Z,2026-04-28T12:00:00Z,ER-2026-000067
RLE-000067-3,RC-2026-0067,Return,2026-04-30T12:00:00Z,STF-009,,,,Return event for RC-2026-0067,EquipmentRENTAL_LCversion,ER-2026-000067-3,2026-04-30T12:00:00Z,2026-04-30T12:00:00Z,ER-2026-000067
RLE-000068-1,RC-2026-0068,Rent,2026-04-04T12:00:00Z,STF-013,,,,Rent event for RC-2026-0068,EquipmentRENTAL_LCversion,ER-2026-000068-1,2026-04-04T12:00:00Z,2026-04-04T12:00:00Z,ER-2026-000068
RLE-000068-2,RC-2026-0068,Cancel,2026-04-06T12:00:00Z,STF-013,,,No Longer Needed,Cancel event for RC-2026-0068,EquipmentRENTAL_LCversion,ER-2026-000068-2,2026-04-06T12:00:00Z,2026-04-06T12:00:00Z,ER-2026-000068
RLE-000069-1,RC-2026-0069,Rent,2026-04-13T12:00:00Z,STF-001,,,,Rent event for RC-2026-0069,EquipmentRENTAL_LCversion,ER-2026-000069-1,2026-04-13T12:00:00Z,2026-04-13T12:00:00Z,ER-2026-000069
RLE-000069-2,RC-2026-0069,Return Requested,2026-05-02T12:00:00Z,STF-001,,,,Return Requested event for RC-2026-0069,EquipmentRENTAL_LCversion,ER-2026-000069-2,2026-05-02T12:00:00Z,2026-05-02T12:00:00Z,ER-2026-000069
RLE-000069-3,RC-2026-0069,Return,2026-05-04T12:00:00Z,STF-001,,,,Return event for RC-2026-0069,EquipmentRENTAL_LCversion,ER-2026-000069-3,2026-05-04T12:00:00Z,2026-05-04T12:00:00Z,ER-2026-000069
RLE-000070-1,RC-2026-0070,Rent,2026-04-22T12:00:00Z,STF-005,,,,Rent event for RC-2026-0070,EquipmentRENTAL_LCversion,ER-2026-000070-1,2026-04-22T12:00:00Z,2026-04-22T12:00:00Z,ER-2026-000070
RLE-000070-2,RC-2026-0070,Extend,2026-05-20T12:00:00Z,STF-005,2026-05-20,2026-06-10,Project Delay,Extend event for RC-2026-0070,EquipmentRENTAL_LCversion,ER-2026-000070-2,2026-05-20T12:00:00Z,2026-05-20T12:00:00Z,ER-2026-000070
RLE-000071-1,RC-2026-0071,Rent,2026-05-01T12:00:00Z,STF-009,,,,Rent event for RC-2026-0071,EquipmentRENTAL_LCversion,ER-2026-000071-1,2026-05-01T12:00:00Z,2026-05-01T12:00:00Z,ER-2026-000071
RLE-000071-2,RC-2026-0071,Return Requested,2026-06-03T12:00:00Z,STF-009,,,,Return Requested event for RC-2026-0071,EquipmentRENTAL_LCversion,ER-2026-000071-2,2026-06-03T12:00:00Z,2026-06-03T12:00:00Z,ER-2026-000071
RLE-000071-3,RC-2026-0071,Return,2026-06-05T12:00:00Z,STF-009,,,,Return event for RC-2026-0071,EquipmentRENTAL_LCversion,ER-2026-000071-3,2026-06-05T12:00:00Z,2026-06-05T12:00:00Z,ER-2026-000071
RLE-000072-1,RC-2026-0072,Rent,2026-05-10T12:00:00Z,STF-013,,,,Rent event for RC-2026-0072,EquipmentRENTAL_LCversion,ER-2026-000072-1,2026-05-10T12:00:00Z,2026-05-10T12:00:00Z,ER-2026-000072
RLE-000072-2,RC-2026-0072,Return Requested,2026-05-22T12:00:00Z,STF-013,,,,Return Requested event for RC-2026-0072,EquipmentRENTAL_LCversion,ER-2026-000072-2,2026-05-22T12:00:00Z,2026-05-22T12:00:00Z,ER-2026-000072
RLE-000072-3,RC-2026-0072,Return,2026-05-24T12:00:00Z,STF-013,,,,Return event for RC-2026-0072,EquipmentRENTAL_LCversion,ER-2026-000072-3,2026-05-24T12:00:00Z,2026-05-24T12:00:00Z,ER-2026-000072
RLE-000073-1,RC-2026-0073,Rent,2026-05-19T12:00:00Z,STF-001,,,,Rent event for RC-2026-0073,EquipmentRENTAL_LCversion,ER-2026-000073-1,2026-05-19T12:00:00Z,2026-05-19T12:00:00Z,ER-2026-000073
RLE-000073-2,RC-2026-0073,Return Requested,2026-06-07T12:00:00Z,STF-001,,,,Return Requested event for RC-2026-0073,EquipmentRENTAL_LCversion,ER-2026-000073-2,2026-06-07T12:00:00Z,2026-06-07T12:00:00Z,ER-2026-000073
RLE-000073-3,RC-2026-0073,Return,2026-06-09T12:00:00Z,STF-001,,,,Return event for RC-2026-0073,EquipmentRENTAL_LCversion,ER-2026-000073-3,2026-06-09T12:00:00Z,2026-06-09T12:00:00Z,ER-2026-000073
RLE-000074-1,RC-2026-0074,Rent,2026-05-28T12:00:00Z,STF-005,,,,Rent event for RC-2026-0074,EquipmentRENTAL_LCversion,ER-2026-000074-1,2026-05-28T12:00:00Z,2026-05-28T12:00:00Z,ER-2026-000074
RLE-000074-2,RC-2026-0074,Return Requested,2026-06-23T12:00:00Z,STF-005,,,,Return Requested event for RC-2026-0074,EquipmentRENTAL_LCversion,ER-2026-000074-2,2026-06-23T12:00:00Z,2026-06-23T12:00:00Z,ER-2026-000074
RLE-000074-3,RC-2026-0074,Return,2026-06-25T12:00:00Z,STF-005,,,,Return event for RC-2026-0074,EquipmentRENTAL_LCversion,ER-2026-000074-3,2026-06-25T12:00:00Z,2026-06-25T12:00:00Z,ER-2026-000074
RLE-000075-1,RC-2026-0075,Rent,2026-06-06T12:00:00Z,STF-009,,,,Rent event for RC-2026-0075,EquipmentRENTAL_LCversion,ER-2026-000075-1,2026-06-06T12:00:00Z,2026-06-06T12:00:00Z,ER-2026-000075
RLE-000075-2,RC-2026-0075,Return Requested,2026-07-09T12:00:00Z,STF-009,,,,Return Requested event for RC-2026-0075,EquipmentRENTAL_LCversion,ER-2026-000075-2,2026-07-09T12:00:00Z,2026-07-09T12:00:00Z,ER-2026-000075
RLE-000075-3,RC-2026-0075,Return,2026-07-11T12:00:00Z,STF-009,,,,Return event for RC-2026-0075,EquipmentRENTAL_LCversion,ER-2026-000075-3,2026-07-11T12:00:00Z,2026-07-11T12:00:00Z,ER-2026-000075
RLE-000076-1,RC-2026-0076,Rent,2026-06-15T12:00:00Z,STF-013,,,,Rent event for RC-2026-0076,EquipmentRENTAL_LCversion,ER-2026-000076-1,2026-06-15T12:00:00Z,2026-06-15T12:00:00Z,ER-2026-000076
RLE-000076-2,RC-2026-0076,Return Requested,2026-06-27T12:00:00Z,STF-013,,,,Return Requested event for RC-2026-0076,EquipmentRENTAL_LCversion,ER-2026-000076-2,2026-06-27T12:00:00Z,2026-06-27T12:00:00Z,ER-2026-000076
RLE-000076-3,RC-2026-0076,Return,2026-06-29T12:00:00Z,STF-013,,,,Return event for RC-2026-0076,EquipmentRENTAL_LCversion,ER-2026-000076-3,2026-06-29T12:00:00Z,2026-06-29T12:00:00Z,ER-2026-000076
RLE-000077-1,RC-2026-0077,Rent,2026-06-24T12:00:00Z,STF-001,,,,Rent event for RC-2026-0077,EquipmentRENTAL_LCversion,ER-2026-000077-1,2026-06-24T12:00:00Z,2026-06-24T12:00:00Z,ER-2026-000077
RLE-000077-2,RC-2026-0077,Extend,2026-07-15T12:00:00Z,STF-001,2026-07-15,2026-08-05,Project Delay,Extend event for RC-2026-0077,EquipmentRENTAL_LCversion,ER-2026-000077-2,2026-07-15T12:00:00Z,2026-07-15T12:00:00Z,ER-2026-000077
RLE-000078-1,RC-2026-0078,Rent,2026-07-03T12:00:00Z,STF-005,,,,Rent event for RC-2026-0078,EquipmentRENTAL_LCversion,ER-2026-000078-1,2026-07-03T12:00:00Z,2026-07-03T12:00:00Z,ER-2026-000078
RLE-000078-2,RC-2026-0078,Return Requested,2026-07-29T12:00:00Z,STF-005,,,,Return Requested event for RC-2026-0078,EquipmentRENTAL_LCversion,ER-2026-000078-2,2026-07-29T12:00:00Z,2026-07-29T12:00:00Z,ER-2026-000078
RLE-000078-3,RC-2026-0078,Return,2026-07-31T12:00:00Z,STF-005,,,,Return event for RC-2026-0078,EquipmentRENTAL_LCversion,ER-2026-000078-3,2026-07-31T12:00:00Z,2026-07-31T12:00:00Z,ER-2026-000078
RLE-000079-1,RC-2026-0079,Rent,2026-07-12T12:00:00Z,STF-009,,,,Rent event for RC-2026-0079,EquipmentRENTAL_LCversion,ER-2026-000079-1,2026-07-12T12:00:00Z,2026-07-12T12:00:00Z,ER-2026-000079
RLE-000080-1,RC-2026-0080,Rent,2026-07-21T12:00:00Z,STF-013,,,,Rent event for RC-2026-0080,EquipmentRENTAL_LCversion,ER-2026-000080-1,2026-07-21T12:00:00Z,2026-07-21T12:00:00Z,ER-2026-000080
RLE-000080-2,RC-2026-0080,Return Requested,2026-08-02T12:00:00Z,STF-013,,,,Return Requested event for RC-2026-0080,EquipmentRENTAL_LCversion,ER-2026-000080-2,2026-08-02T12:00:00Z,2026-08-02T12:00:00Z,ER-2026-000080
RLE-000080-3,RC-2026-0080,Return,2026-08-04T12:00:00Z,STF-013,,,,Return event for RC-2026-0080,EquipmentRENTAL_LCversion,ER-2026-000080-3,2026-08-04T12:00:00Z,2026-08-04T12:00:00Z,ER-2026-000080
RLE-000081-1,RC-2026-0081,Rent,2026-07-30T12:00:00Z,STF-001,,,,Rent event for RC-2026-0081,EquipmentRENTAL_LCversion,ER-2026-000081-1,2026-07-30T12:00:00Z,2026-07-30T12:00:00Z,ER-2026-000081
RLE-000082-1,RC-2026-0082,Rent,2026-08-08T12:00:00Z,STF-005,,,,Rent event for RC-2026-0082,EquipmentRENTAL_LCversion,ER-2026-000082-1,2026-08-08T12:00:00Z,2026-08-08T12:00:00Z,ER-2026-000082
RLE-000083-1,RC-2026-0083,Rent,2026-08-30T12:00:00Z,STF-009,,,,Rent event for RC-2026-0083,EquipmentRENTAL_LCversion,ER-2026-000083-1,2026-08-30T12:00:00Z,2026-08-30T12:00:00Z,ER-2026-000083
RLE-000084-1,RC-2026-0084,Rent,2026-09-24T12:00:00Z,STF-013,,,,Rent event for RC-2026-0084,EquipmentRENTAL_LCversion,ER-2026-000084-1,2026-09-24T12:00:00Z,2026-09-24T12:00:00Z,ER-2026-000084
RLE-000085-1,RC-2026-0085,Rent,2026-10-19T12:00:00Z,STF-001,,,,Rent event for RC-2026-0085,EquipmentRENTAL_LCversion,ER-2026-000085-1,2026-10-19T12:00:00Z,2026-10-19T12:00:00Z,ER-2026-000085
RLE-000086-1,RC-2026-0086,Rent,2026-11-13T12:00:00Z,STF-005,,,,Rent event for RC-2026-0086,EquipmentRENTAL_LCversion,ER-2026-000086-1,2026-11-13T12:00:00Z,2026-11-13T12:00:00Z,ER-2026-000086
RLE-000087-1,RC-2026-0087,Rent,2026-12-08T12:00:00Z,STF-009,,,,Rent event for RC-2026-0087,EquipmentRENTAL_LCversion,ER-2026-000087-1,2026-12-08T12:00:00Z,2026-12-08T12:00:00Z,ER-2026-000087
RLE-000088-1,RC-2026-0088,Rent,2027-01-02T12:00:00Z,STF-013,,,,Rent event for RC-2026-0088,EquipmentRENTAL_LCversion,ER-2026-000088-1,2027-01-02T12:00:00Z,2027-01-02T12:00:00Z,ER-2026-000088
RLE-000089-1,RC-2026-0089,Rent,2027-01-27T12:00:00Z,STF-001,,,,Rent event for RC-2026-0089,EquipmentRENTAL_LCversion,ER-2026-000089-1,2027-01-27T12:00:00Z,2027-01-27T12:00:00Z,ER-2026-000089
RLE-000090-1,RC-2026-0090,Rent,2027-02-21T12:00:00Z,STF-005,,,,Rent event for RC-2026-0090,EquipmentRENTAL_LCversion,ER-2026-000090-1,2027-02-21T12:00:00Z,2027-02-21T12:00:00Z,ER-2026-000090
RLE-000091-1,RC-2026-0091,Rent,2027-03-18T12:00:00Z,STF-009,,,,Rent event for RC-2026-0091,EquipmentRENTAL_LCversion,ER-2026-000091-1,2027-03-18T12:00:00Z,2027-03-18T12:00:00Z,ER-2026-000091
RLE-000092-1,RC-2026-0092,Rent,2027-04-12T12:00:00Z,STF-013,,,,Rent event for RC-2026-0092,EquipmentRENTAL_LCversion,ER-2026-000092-1,2027-04-12T12:00:00Z,2027-04-12T12:00:00Z,ER-2026-000092
RLE-000093-1,RC-2026-0093,Rent,2027-05-07T12:00:00Z,STF-001,,,,Rent event for RC-2026-0093,EquipmentRENTAL_LCversion,ER-2026-000093-1,2027-05-07T12:00:00Z,2027-05-07T12:00:00Z,ER-2026-000093
RLE-000094-1,RC-2026-0094,Rent,2027-06-01T12:00:00Z,STF-005,,,,Rent event for RC-2026-0094,EquipmentRENTAL_LCversion,ER-2026-000094-1,2027-06-01T12:00:00Z,2027-06-01T12:00:00Z,ER-2026-000094
RLE-000095-1,RC-2026-0095,Rent,2027-06-26T12:00:00Z,STF-009,,,,Rent event for RC-2026-0095,EquipmentRENTAL_LCversion,ER-2026-000095-1,2027-06-26T12:00:00Z,2027-06-26T12:00:00Z,ER-2026-000095
RLE-000096-1,RC-2026-0096,Rent,2027-07-21T12:00:00Z,STF-013,,,,Rent event for RC-2026-0096,EquipmentRENTAL_LCversion,ER-2026-000096-1,2027-07-21T12:00:00Z,2027-07-21T12:00:00Z,ER-2026-000096
RLE-000097-1,RC-2026-0097,Rent,2027-08-15T12:00:00Z,STF-001,,,,Rent event for RC-2026-0097,EquipmentRENTAL_LCversion,ER-2026-000097-1,2027-08-15T12:00:00Z,2027-08-15T12:00:00Z,ER-2026-000097
RLE-000098-1,RC-2026-0098,Rent,2027-09-09T12:00:00Z,STF-005,,,,Rent event for RC-2026-0098,EquipmentRENTAL_LCversion,ER-2026-000098-1,2027-09-09T12:00:00Z,2027-09-09T12:00:00Z,ER-2026-000098
RLE-000099-1,RC-2026-0099,Rent,2027-10-04T12:00:00Z,STF-009,,,,Rent event for RC-2026-0099,EquipmentRENTAL_LCversion,ER-2026-000099-1,2027-10-04T12:00:00Z,2027-10-04T12:00:00Z,ER-2026-000099
RLE-000100-1,RC-2026-0100,Rent,2027-10-29T12:00:00Z,STF-013,,,,Rent event for RC-2026-0100,EquipmentRENTAL_LCversion,ER-2026-000100-1,2027-10-29T12:00:00Z,2027-10-29T12:00:00Z,ER-2026-000100
RLE-000101-1,RC-2026-0101,Rent,2027-11-23T12:00:00Z,STF-001,,,,Rent event for RC-2026-0101,EquipmentRENTAL_LCversion,ER-2026-000101-1,2027-11-23T12:00:00Z,2027-11-23T12:00:00Z,ER-2026-000101
RLE-000102-1,RC-2026-0102,Rent,2027-12-18T12:00:00Z,STF-005,,,,Rent event for RC-2026-0102,EquipmentRENTAL_LCversion,ER-2026-000102-1,2027-12-18T12:00:00Z,2027-12-18T12:00:00Z,ER-2026-000102
RLE-000103-1,RC-2026-0103,Rent,2028-01-12T12:00:00Z,STF-009,,,,Rent event for RC-2026-0103,EquipmentRENTAL_LCversion,ER-2026-000103-1,2028-01-12T12:00:00Z,2028-01-12T12:00:00Z,ER-2026-000103
RLE-000104-1,RC-2026-0104,Rent,2028-02-06T12:00:00Z,STF-013,,,,Rent event for RC-2026-0104,EquipmentRENTAL_LCversion,ER-2026-000104-1,2028-02-06T12:00:00Z,2028-02-06T12:00:00Z,ER-2026-000104
RLE-000105-1,RC-2026-0105,Rent,2028-03-02T12:00:00Z,STF-001,,,,Rent event for RC-2026-0105,EquipmentRENTAL_LCversion,ER-2026-000105-1,2028-03-02T12:00:00Z,2028-03-02T12:00:00Z,ER-2026-000105
RLE-000106-1,RC-2026-0106,Rent,2028-03-27T12:00:00Z,STF-005,,,,Rent event for RC-2026-0106,EquipmentRENTAL_LCversion,ER-2026-000106-1,2028-03-27T12:00:00Z,2028-03-27T12:00:00Z,ER-2026-000106
RLE-000107-1,RC-2026-0107,Rent,2028-04-21T12:00:00Z,STF-009,,,,Rent event for RC-2026-0107,EquipmentRENTAL_LCversion,ER-2026-000107-1,2028-04-21T12:00:00Z,2028-04-21T12:00:00Z,ER-2026-000107
RLE-000108-1,RC-2026-0108,Rent,2028-05-16T12:00:00Z,STF-013,,,,Rent event for RC-2026-0108,EquipmentRENTAL_LCversion,ER-2026-000108-1,2028-05-16T12:00:00Z,2028-05-16T12:00:00Z,ER-2026-000108
RLE-000109-1,RC-2026-0109,Rent,2028-06-10T12:00:00Z,STF-001,,,,Rent event for RC-2026-0109,EquipmentRENTAL_LCversion,ER-2026-000109-1,2028-06-10T12:00:00Z,2028-06-10T12:00:00Z,ER-2026-000109
RLE-000110-1,RC-2026-0110,Rent,2028-07-05T12:00:00Z,STF-005,,,,Rent event for RC-2026-0110,EquipmentRENTAL_LCversion,ER-2026-000110-1,2028-07-05T12:00:00Z,2028-07-05T12:00:00Z,ER-2026-000110
RLE-000111-1,RC-2026-0111,Rent,2028-07-30T12:00:00Z,STF-009,,,,Rent event for RC-2026-0111,EquipmentRENTAL_LCversion,ER-2026-000111-1,2028-07-30T12:00:00Z,2028-07-30T12:00:00Z,ER-2026-000111
RLE-000112-1,RC-2026-0112,Rent,2028-08-24T12:00:00Z,STF-013,,,,Rent event for RC-2026-0112,EquipmentRENTAL_LCversion,ER-2026-000112-1,2028-08-24T12:00:00Z,2028-08-24T12:00:00Z,ER-2026-000112
RLE-000113-1,RC-2026-0113,Rent,2028-09-18T12:00:00Z,STF-001,,,,Rent event for RC-2026-0113,EquipmentRENTAL_LCversion,ER-2026-000113-1,2028-09-18T12:00:00Z,2028-09-18T12:00:00Z,ER-2026-000113
RLE-000114-1,RC-2026-0114,Rent,2028-10-13T12:00:00Z,STF-005,,,,Rent event for RC-2026-0114,EquipmentRENTAL_LCversion,ER-2026-000114-1,2028-10-13T12:00:00Z,2028-10-13T12:00:00Z,ER-2026-000114
RLE-000115-1,RC-2026-0115,Rent,2028-11-07T12:00:00Z,STF-009,,,,Rent event for RC-2026-0115,EquipmentRENTAL_LCversion,ER-2026-000115-1,2028-11-07T12:00:00Z,2028-11-07T12:00:00Z,ER-2026-000115
RLE-000116-1,RC-2026-0116,Rent,2028-12-02T12:00:00Z,STF-013,,,,Rent event for RC-2026-0116,EquipmentRENTAL_LCversion,ER-2026-000116-1,2028-12-02T12:00:00Z,2028-12-02T12:00:00Z,ER-2026-000116
RLE-000117-1,RC-2026-0117,Rent,2028-12-27T12:00:00Z,STF-001,,,,Rent event for RC-2026-0117,EquipmentRENTAL_LCversion,ER-2026-000117-1,2028-12-27T12:00:00Z,2028-12-27T12:00:00Z,ER-2026-000117
RLE-000118-1,RC-2026-0118,Rent,2029-01-21T12:00:00Z,STF-005,,,,Rent event for RC-2026-0118,EquipmentRENTAL_LCversion,ER-2026-000118-1,2029-01-21T12:00:00Z,2029-01-21T12:00:00Z,ER-2026-000118
